Step,AgentID,Tick,Year,Type,Unique_ID,State_ID,Investor_ID,Production_Output,SRMC,Design_Load_Factor,Annual_Load_Factor,NPV,Discount_Rate,ROACE,Feedstock_Price,Available_Feedstock,Current_Supply,Optimism_Factor,SAF_Demand,Consumer_Price_Forecast,EBIT,Raw_ROACE,Max_Supply,Num_Owned_Sites
0,site_ASSAM_34923,0,2024,SAFProductionSite,site_ASSAM_34923,ASSAM,inv_203,,1615.71,0.2,,,,,,,,,,,,,,0
1,site_ASSAM_34923,1,2025,SAFProductionSite,site_ASSAM_34923,ASSAM,inv_203,17403.400613705588,1615.71,0.2,,,,,,,,,,,11038802.975267313,,,0
1,site_UTTAR_PRADESH_34926,1,2025,SAFProductionSite,site_UTTAR_PRADESH_34926,UTTAR_PRADESH,inv_203,,1525.71,1.0,,,,,,,,,,,,,,0
1,site_MAHARASHTRA_34948,1,2025,SAFProductionSite,site_MAHARASHTRA_34948,MAHARASHTRA,inv_204,,1570.71,1.0,,,,,,,,,,,,,,0
2,site_ASSAM_34923,2,2026,SAFProductionSite,site_ASSAM_34923,ASSAM,inv_203,19541.5007031232,1615.71,0.2,,,,,,,,,,,12394978.480984014,,,0
2,site_UTTAR_PRADESH_34926,2,2026,SAFProductionSite,site_UTTAR_PRADESH_34926,UTTAR_PRADESH,inv_203,,1525.71,1.0,,,,,,,,,,,-125000000.0,,,0
2,site_MAHARASHTRA_34948,2,2026,SAFProductionSite,site_MAHARASHTRA_34948,MAHARASHTRA,inv_204,,1570.71,1.0,,,,,,,,,,,-125000000.0,,,0
3,site_ASSAM_34923,3,2027,SAFProductionSite,site_ASSAM_34923,ASSAM,inv_203,19574.80014436277,1615.71,0.2,,,,,,,,,,,12416099.983567864,,,0
3,site_UTTAR_PRADESH_34926,3,2027,SAFProductionSite,site_UTTAR_PRADESH_34926,UTTAR_PRADESH,inv_203,,1525.71,1.0,,,,,,,,,,,-125000000.0,,,0
3,site_MAHARASHTRA_34948,3,2027,SAFProductionSite,site_MAHARASHTRA_34948,MAHARASHTRA,inv_204,,1570.71,1.0,,,,,,,,,,,-125000000.0,,,0
4,site_ASSAM_34923,4,2028,SAFProductionSite,site_ASSAM_34923,ASSAM,inv_203,19259.200509397146,1615.71,0.2,,,,,,,,,,,12215918.291105513,,,0
4,site_UTTAR_PRADESH_34926,4,2028,SAFProductionSite,site_UTTAR_PRADESH_34926,UTTAR_PRADESH,inv_203,,1525.71,1.0,,,,,,,,,,,-125000000.0,,,0
4,site_MAHARASHTRA_34948,4,2028,SAFProductionSite,site_MAHARASHTRA_34948,MAHARASHTRA,inv_204,,1570.71,1.0,,,,,,,,,,,-125000000.0,,,0
5,site_ASSAM_34923,5,2029,SAFProductionSite,site_ASSAM_34923,ASSAM,inv_203,0.0,1615.71,0.2,,,,,,,,,,,-5516356.138766823,,,0
5,site_UTTAR_PRADESH_34926,5,2029,SAFProductionSite,site_UTTAR_PRADESH_34926,UTTAR_PRADESH,inv_203,97686.11072131366,1525.71,1.0,,,,,,,,,,,28817402.662787527,,,0
5,site_MAHARASHTRA_34948,5,2029,SAFProductionSite,site_MAHARASHTRA_34948,MAHARASHTRA,inv_204,2113.8892786863435,1570.71,1.0,,,,,,,,,,,-26562055.10147715,,,0
6,site_ASSAM_34923,6,2030,SAFProductionSite,site_ASSAM_34923,ASSAM,inv_203,0.0,1615.71,0.2,,,,,,,,,,,-5470565.761843153,,,0
6,site_UTTAR_PRADESH_34926,6,2030,SAFProductionSite,site_UTTAR_PRADESH_34926,UTTAR_PRADESH,inv_203,97173.72691832241,1525.71,1.0,,,,,,,,,,,28666249.440905124,,,0
6,site_MAHARASHTRA_34948,6,2030,SAFProductionSite,site_MAHARASHTRA_34948,MAHARASHTRA,inv_204,11626.273081677587,1570.71,1.0,,,,,,,,,,,-21382029.952388536,,,0
7,site_ASSAM_34923,7,2031,SAFProductionSite,site_ASSAM_34923,ASSAM,inv_203,0.0,1615.71,0.2,,,,,,,,,,,-5549838.89288131,,,0
7,site_UTTAR_PRADESH_34926,7,2031,SAFProductionSite,site_UTTAR_PRADESH_34926,UTTAR_PRADESH,inv_203,96142.10797099612,1525.71,1.0,,,,,,,,,,,28361921.851443842,,,0
7,site_MAHARASHTRA_34948,7,2031,SAFProductionSite,site_MAHARASHTRA_34948,MAHARASHTRA,inv_204,21857.89202900388,1570.71,1.0,,,,,,,,,,,-15614090.939451776,,,0
8,site_ASSAM_34923,8,2032,SAFProductionSite,site_ASSAM_34923,ASSAM,inv_203,0.0,1615.71,0.2,,,,,,,,,,,-5556348.096878911,,,0
8,site_UTTAR_PRADESH_34926,8,2032,SAFProductionSite,site_UTTAR_PRADESH_34926,UTTAR_PRADESH,inv_203,95063.30748727822,1525.71,1.0,,,,,,,,,,,28043675.708747074,,,0
8,site_MAHARASHTRA_34948,8,2032,SAFProductionSite,site_MAHARASHTRA_34948,MAHARASHTRA,inv_204,32436.692512721784,1570.71,1.0,,,,,,,,,,,-10621244.310543783,,,0
9,site_ASSAM_34923,9,2033,SAFProductionSite,site_ASSAM_34923,ASSAM,inv_203,0.0,1615.71,0.2,,,,,,,,,,,-4467995.937543409,,,0
9,site_UTTAR_PRADESH_34926,9,2033,SAFProductionSite,site_UTTAR_PRADESH_34926,UTTAR_PRADESH,inv_203,96545.24464671873,1525.71,1.0,,,,,,,,,,,28480847.17078203,,,0
9,site_MAHARASHTRA_34948,9,2033,SAFProductionSite,site_MAHARASHTRA_34948,MAHARASHTRA,inv_204,40554.755353281274,1570.71,1.0,,,,,,,,,,,-5448193.2427025065,,,0
10,site_ASSAM_34923,10,2034,SAFProductionSite,site_ASSAM_34923,ASSAM,inv_203,0.0,1615.71,0.2,,,,,,,,,,,-5482281.358564765,,,0
10,site_UTTAR_PRADESH_34926,10,2034,SAFProductionSite,site_UTTAR_PRADESH_34926,UTTAR_PRADESH,inv_203,97781.5560956428,1525.71,1.0,,,,,,,,,,,28845559.048214614,,,0
10,site_MAHARASHTRA_34948,10,2034,SAFProductionSite,site_MAHARASHTRA_34948,MAHARASHTRA,inv_204,49618.443904357206,1570.71,1.0,,,,,,,,,,,-991474.6054441929,,,0
11,site_ASSAM_34923,11,2035,SAFProductionSite,site_ASSAM_34923,ASSAM,inv_203,0.0,1615.71,0.2,,,,,,,,,,,-5311436.781620192,,,0
11,site_UTTAR_PRADESH_34926,11,2035,SAFProductionSite,site_UTTAR_PRADESH_34926,UTTAR_PRADESH,inv_203,96593.85832541664,1525.71,1.0,,,,,,,,,,,28495188.2059979,,,0
11,site_MAHARASHTRA_34948,11,2035,SAFProductionSite,site_MAHARASHTRA_34948,MAHARASHTRA,inv_204,62106.141674583356,1570.71,1.0,,,,,,,,,,,5813046.013127327,,,0
12,site_ASSAM_34923,12,2036,SAFProductionSite,site_ASSAM_34923,ASSAM,inv_203,0.0,1615.71,0.2,,,,,,,,,,,-4968065.705195959,,,0
12,site_UTTAR_PRADESH_34926,12,2036,SAFProductionSite,site_UTTAR_PRADESH_34926,UTTAR_PRADESH,inv_203,97840.87705350264,1525.71,1.0,,,,,,,,,,,28863058.730783284,,,0
12,site_MAHARASHTRA_34948,12,2036,SAFProductionSite,site_MAHARASHTRA_34948,MAHARASHTRA,inv_204,75059.12294649736,1570.71,1.0,,,,,,,,,,,12899756.234859362,,,0
13,site_ASSAM_34923,13,2037,SAFProductionSite,site_ASSAM_34923,ASSAM,inv_203,0.0,1615.71,0.2,,,,,,,,,,,-5424778.7100744145,,,0
13,site_UTTAR_PRADESH_34926,13,2037,SAFProductionSite,site_UTTAR_PRADESH_34926,UTTAR_PRADESH,inv_203,97987.56664866826,1525.71,1.0,,,,,,,,,,,28906332.16135712,,,0
13,site_MAHARASHTRA_34948,13,2037,SAFProductionSite,site_MAHARASHTRA_34948,MAHARASHTRA,inv_204,90812.43335133174,1570.71,1.0,,,,,,,,,,,21251933.446812227,,,0
14,site_ASSAM_34923,14,2038,SAFProductionSite,site_ASSAM_34923,ASSAM,inv_203,13522.931650542945,1615.71,0.2,,,,,,,,,,,1679895.6526776515,,,0
14,site_UTTAR_PRADESH_34926,14,2038,SAFProductionSite,site_UTTAR_PRADESH_34926,UTTAR_PRADESH,inv_203,97164.09809600502,1525.71,1.0,,,,,,,,,,,33035793.352641717,,,0
14,site_MAHARASHTRA_34948,14,2038,SAFProductionSite,site_MAHARASHTRA_34948,MAHARASHTRA,inv_204,95512.97025345205,1570.71,1.0,,,,,,,,,,,28176326.22476837,,,0
15,site_ASSAM_34923,15,2039,SAFProductionSite,site_ASSAM_34923,ASSAM,inv_203,18127.294271460833,1615.71,0.2,,,,,,,,,,,11497961.483444888,,,0
15,site_UTTAR_PRADESH_34926,15,2039,SAFProductionSite,site_UTTAR_PRADESH_34926,UTTAR_PRADESH,inv_203,96960.50377501802,1525.71,1.0,,,,,,,,,,,70227523.2792078,,,0
15,site_MAHARASHTRA_34948,15,2039,SAFProductionSite,site_MAHARASHTRA_34948,MAHARASHTRA,inv_204,97021.66862097259,1570.71,1.0,,,,,,,,,,,65905849.27754046,,,0
16,site_ASSAM_34923,16,2040,SAFProductionSite,site_ASSAM_34923,ASSAM,inv_203,17479.80587988956,1615.71,0.2,,,,,,,,,,,11087266.071555153,,,0
16,site_UTTAR_PRADESH_34926,16,2040,SAFProductionSite,site_UTTAR_PRADESH_34926,UTTAR_PRADESH,inv_203,97973.97612061878,1525.71,1.0,,,,,,,,,,,70961571.16440299,,,0
16,site_MAHARASHTRA_34948,16,2040,SAFProductionSite,site_MAHARASHTRA_34948,MAHARASHTRA,inv_204,95074.535010225,1570.71,1.0,,,,,,,,,,,64583180.887095734,,,0
17,site_ASSAM_34923,17,2041,SAFProductionSite,site_ASSAM_34923,ASSAM,inv_203,19153.39536282722,1615.71,0.2,,,,,,,,,,,12148807.144687682,,,0
17,site_UTTAR_PRADESH_34926,17,2041,SAFProductionSite,site_UTTAR_PRADESH_34926,UTTAR_PRADESH,inv_203,97865.25255020343,1525.71,1.0,,,,,,,,,,,70882823.76958685,,,0
17,site_MAHARASHTRA_34948,17,2041,SAFProductionSite,site_MAHARASHTRA_34948,MAHARASHTRA,inv_204,96939.98093575606,1570.71,1.0,,,,,,,,,,,65850359.64984973,,,0
18,site_ASSAM_34923,18,2042,SAFProductionSite,site_ASSAM_34923,ASSAM,inv_203,16556.338133165442,1615.71,0.2,,,,,,,,,,,10501519.714485507,,,0
18,site_UTTAR_PRADESH_34926,18,2042,SAFProductionSite,site_UTTAR_PRADESH_34926,UTTAR_PRADESH,inv_203,97549.73408724317,1525.71,1.0,,,,,,,,,,,70654296.90204935,,,0
18,site_MAHARASHTRA_34948,18,2042,SAFProductionSite,site_MAHARASHTRA_34948,MAHARASHTRA,inv_204,97719.84402911621,1570.71,1.0,,,,,,,,,,,66380112.85053836,,,0
19,site_ASSAM_34923,19,2043,SAFProductionSite,site_ASSAM_34923,ASSAM,inv_203,19507.58154187814,1615.71,0.2,,,,,,,,,,,12373463.896197882,,,0
19,site_UTTAR_PRADESH_34926,19,2043,SAFProductionSite,site_UTTAR_PRADESH_34926,UTTAR_PRADESH,inv_203,97387.9706441904,1525.71,1.0,,,,,,,,,,,70537133.25788066,,,0
19,site_MAHARASHTRA_34948,19,2043,SAFProductionSite,site_MAHARASHTRA_34948,MAHARASHTRA,inv_204,97855.54216773383,1570.71,1.0,,,,,,,,,,,66472291.23911992,,,0
20,site_ASSAM_34923,20,2044,SAFProductionSite,site_ASSAM_34923,ASSAM,inv_203,19108.874785142703,1615.71,0.2,,,,,,,,,,,12120568.187468167,,,0
20,site_UTTAR_PRADESH_34926,20,2044,SAFProductionSite,site_UTTAR_PRADESH_34926,UTTAR_PRADESH,inv_203,96003.65532796053,1525.71,1.0,,,,,,,,,,,69534487.51748854,,,0
20,site_MAHARASHTRA_34948,20,2044,SAFProductionSite,site_MAHARASHTRA_34948,MAHARASHTRA,inv_204,96819.39150761142,1570.71,1.0,,,,,,,,,,,65768444.45720537,,,0
20,site_UTTAR_PRADESH_35970,20,2044,SAFProductionSite,site_UTTAR_PRADESH_35970,UTTAR_PRADESH,inv_223,,1525.71,0.65,,,,,,,,,,,,,,0
21,site_ASSAM_34923,21,2045,SAFProductionSite,site_ASSAM_34923,ASSAM,inv_203,19563.88292385304,1615.71,0.2,,,,,,,,,,,12409175.299770743,,,0
21,site_UTTAR_PRADESH_34926,21,2045,SAFProductionSite,site_UTTAR_PRADESH_34926,UTTAR_PRADESH,inv_203,92453.29474982501,1525.71,1.0,,,,,,,,,,,66962996.85435076,,,0
21,site_MAHARASHTRA_34948,21,2045,SAFProductionSite,site_MAHARASHTRA_34948,MAHARASHTRA,inv_204,97578.54719696815,1570.71,1.0,,,,,,,,,,,66284131.3254285,,,0
21,site_UTTAR_PRADESH_35970,21,2045,SAFProductionSite,site_UTTAR_PRADESH_35970,UTTAR_PRADESH,inv_223,,1525.71,0.65,,,,,,,,,,,-125000000.0,,,0
22,site_ASSAM_34923,22,2046,SAFProductionSite,site_ASSAM_34923,ASSAM,inv_203,18657.408859149567,1615.71,0.2,,,,,,,,,,,11834207.865269978,,,0
22,site_UTTAR_PRADESH_34926,22,2046,SAFProductionSite,site_UTTAR_PRADESH_34926,UTTAR_PRADESH,inv_203,95401.59097901675,1525.71,1.0,,,,,,,,,,,69098418.33019204,,,0
22,site_MAHARASHTRA_34948,22,2046,SAFProductionSite,site_MAHARASHTRA_34948,MAHARASHTRA,inv_204,96214.2103890121,1570.71,1.0,,,,,,,,,,,65357350.975152045,,,0
22,site_UTTAR_PRADESH_35970,22,2046,SAFProductionSite,site_UTTAR_PRADESH_35970,UTTAR_PRADESH,inv_223,,1525.71,0.65,,,,,,,,,,,-125000000.0,,,0
23,site_ASSAM_34923,23,2047,SAFProductionSite,site_ASSAM_34923,ASSAM,inv_203,19221.781085818195,1615.71,0.2,,,,,,,,,,,12192183.524923619,,,0
23,site_UTTAR_PRADESH_34926,23,2047,SAFProductionSite,site_UTTAR_PRADESH_34926,UTTAR_PRADESH,inv_203,97960.13455291795,1525.71,1.0,,,,,,,,,,,70951545.85533296,,,0
23,site_MAHARASHTRA_34948,23,2047,SAFProductionSite,site_MAHARASHTRA_34948,MAHARASHTRA,inv_204,96449.49091692486,1570.71,1.0,,,,,,,,,,,65517174.68495789,,,0
23,site_UTTAR_PRADESH_35970,23,2047,SAFProductionSite,site_UTTAR_PRADESH_35970,UTTAR_PRADESH,inv_223,,1525.71,0.65,,,,,,,,,,,-125000000.0,,,0
23,site_TELANGANA_36160,23,2047,SAFProductionSite,site_TELANGANA_36160,TELANGANA,inv_204,,1525.71,0.5698,,,,,,,,,,,,,,0
24,site_ASSAM_34923,24,2048,SAFProductionSite,site_ASSAM_34923,ASSAM,inv_203,18670.263968619067,1615.71,0.2,,,,,,,,,,,11842361.732655387,,,0
24,site_UTTAR_PRADESH_34926,24,2048,SAFProductionSite,site_UTTAR_PRADESH_34926,UTTAR_PRADESH,inv_203,85737.38222445775,1525.71,1.0,,,,,,,,,,,62098728.57135248,,,0
24,site_MAHARASHTRA_34948,24,2048,SAFProductionSite,site_MAHARASHTRA_34948,MAHARASHTRA,inv_204,96979.68034761828,1570.71,1.0,,,,,,,,,,,65877327.063333616,,,0
24,site_UTTAR_PRADESH_35970,24,2048,SAFProductionSite,site_UTTAR_PRADESH_35970,UTTAR_PRADESH,inv_223,54974.825744809255,1525.71,0.65,,,,,,,,,,,39817716.5387079,,,0
24,site_TELANGANA_36160,24,2048,SAFProductionSite,site_TELANGANA_36160,TELANGANA,inv_204,,1525.71,0.5698,,,,,,,,,,,-125000000.0,,,0
24,site_KARNATAKA_36227,24,2048,SAFProductionSite,site_KARNATAKA_36227,KARNATAKA,inv_204,,1540.71,0.56666667,,,,,,,,,,,,,,0
25,site_ASSAM_34923,25,2049,SAFProductionSite,site_ASSAM_34923,ASSAM,inv_203,19114.21102971834,1615.71,0.2,,,,,,,,,,,12123952.914040044,,,0
25,site_UTTAR_PRADESH_34926,25,2049,SAFProductionSite,site_UTTAR_PRADESH_34926,UTTAR_PRADESH,inv_203,96883.47716372124,1525.71,1.0,,,,,,,,,,,70171733.67491165,,,0
25,site_MAHARASHTRA_34948,25,2049,SAFProductionSite,site_MAHARASHTRA_34948,MAHARASHTRA,inv_204,95757.68460633473,1570.71,1.0,,,,,,,,,,,65047237.57623711,,,0
25,site_UTTAR_PRADESH_35970,25,2049,SAFProductionSite,site_UTTAR_PRADESH_35970,UTTAR_PRADESH,inv_223,63559.994918277465,1525.71,0.65,,,,,,,,,,,46035868.71935919,,,0
25,site_TELANGANA_36160,25,2049,SAFProductionSite,site_TELANGANA_36160,TELANGANA,inv_204,,1525.71,0.5698,,,,,,,,,,,-125000000.0,,,0
25,site_KARNATAKA_36227,25,2049,SAFProductionSite,site_KARNATAKA_36227,KARNATAKA,inv_204,,1540.71,0.56666667,,,,,,,,,,,-125000000.0,,,0
26,site_ASSAM_34923,26,2050,SAFProductionSite,site_ASSAM_34923,ASSAM,inv_203,19393.176862681357,1615.71,0.2,,,,,,,,,,,12300898.152230162,,,0
26,site_UTTAR_PRADESH_34926,26,2050,SAFProductionSite,site_UTTAR_PRADESH_34926,UTTAR_PRADESH,inv_203,90716.18601454156,1525.71,1.0,,,,,,,,,,,65704826.36847229,,,0
26,site_MAHARASHTRA_34948,26,2050,SAFProductionSite,site_MAHARASHTRA_34948,MAHARASHTRA,inv_204,97278.45070887603,1570.71,1.0,,,,,,,,,,,66080278.7820324,,,0
26,site_UTTAR_PRADESH_35970,26,2050,SAFProductionSite,site_UTTAR_PRADESH_35970,UTTAR_PRADESH,inv_223,59776.046803340454,1525.71,0.65,,,,,,,,,,,43295192.93919146,,,0
26,site_TELANGANA_36160,26,2050,SAFProductionSite,site_TELANGANA_36160,TELANGANA,inv_204,,1525.71,0.5698,,,,,,,,,,,-125000000.0,,,0
26,site_KARNATAKA_36227,26,2050,SAFProductionSite,site_KARNATAKA_36227,KARNATAKA,inv_204,,1540.71,0.56666667,,,,,,,,,,,-125000000.0,,,0
27,site_ASSAM_34923,27,2051,SAFProductionSite,site_ASSAM_34923,ASSAM,inv_203,19148.2966168409,1615.71,0.2,,,,,,,,,,,12145573.061096013,,,0
27,site_UTTAR_PRADESH_34926,27,2051,SAFProductionSite,site_UTTAR_PRADESH_34926,UTTAR_PRADESH,inv_203,82483.56003016372,1525.71,1.0,,,,,,,,,,,59742017.694247276,,,0
27,site_MAHARASHTRA_34948,27,2051,SAFProductionSite,site_MAHARASHTRA_34948,MAHARASHTRA,inv_204,95367.17469872706,1570.71,1.0,,,,,,,,,,,64781968.1010983,,,0
27,site_UTTAR_PRADESH_35970,27,2051,SAFProductionSite,site_UTTAR_PRADESH_35970,UTTAR_PRADESH,inv_223,53225.55829995712,1525.71,0.65,,,,,,,,,,,38550739.62107594,,,0
27,site_TELANGANA_36160,27,2051,SAFProductionSite,site_TELANGANA_36160,TELANGANA,inv_204,46841.42869699171,1525.71,0.5698,,,,,,,,,,,33926778.39094413,,,0
27,site_KARNATAKA_36227,27,2051,SAFProductionSite,site_KARNATAKA_36227,KARNATAKA,inv_204,,1540.71,0.56666667,,,,,,,,,,,-125000000.0,,,0
28,site_ASSAM_34923,28,2052,SAFProductionSite,site_ASSAM_34923,ASSAM,inv_203,19096.072508148904,1615.71,0.2,,,,,,,,,,,12112447.831193771,,,0
28,site_UTTAR_PRADESH_34926,28,2052,SAFProductionSite,site_UTTAR_PRADESH_34926,UTTAR_PRADESH,inv_203,95302.7522831984,1525.71,1.0,,,,,,,,,,,69026830.45119777,,,0
28,site_MAHARASHTRA_34948,28,2052,SAFProductionSite,site_MAHARASHTRA_34948,MAHARASHTRA,inv_204,97019.82486379295,1570.71,1.0,,,,,,,,,,,65904596.831725925,,,0
28,site_UTTAR_PRADESH_35970,28,2052,SAFProductionSite,site_UTTAR_PRADESH_35970,UTTAR_PRADESH,inv_223,61765.888488839686,1525.71,0.65,,,,,,,,,,,44736415.37358169,,,0
28,site_TELANGANA_36160,28,2052,SAFProductionSite,site_TELANGANA_36160,TELANGANA,inv_204,43571.520813047966,1525.71,0.5698,,,,,,,,,,,31558416.80968251,,,0
28,site_KARNATAKA_36227,28,2052,SAFProductionSite,site_KARNATAKA_36227,KARNATAKA,inv_204,53835.41533014639,1540.71,0.56666667,,,,,,,,,,,38184921.73951952,,,0
29,site_ASSAM_34923,29,2053,SAFProductionSite,site_ASSAM_34923,ASSAM,inv_203,19147.395686949756,1615.71,0.2,,,,,,,,,,,12145001.610275362,,,0
29,site_UTTAR_PRADESH_34926,29,2053,SAFProductionSite,site_UTTAR_PRADESH_34926,UTTAR_PRADESH,inv_203,89295.62841833188,1525.71,1.0,,,,,,,,,,,64675930.707113594,,,0
29,site_MAHARASHTRA_34948,29,2053,SAFProductionSite,site_MAHARASHTRA_34948,MAHARASHTRA,inv_204,96375.6040787827,1570.71,1.0,,,,,,,,,,,65466984.094676286,,,0
29,site_UTTAR_PRADESH_35970,29,2053,SAFProductionSite,site_UTTAR_PRADESH_35970,UTTAR_PRADESH,inv_223,57891.85158991921,1525.71,0.65,,,,,,,,,,,41930489.18806259,,,0
29,site_TELANGANA_36160,29,2053,SAFProductionSite,site_TELANGANA_36160,TELANGANA,inv_204,54984.419018791814,1525.71,0.5698,,,,,,,,,,,39824664.851120725,,,0
29,site_KARNATAKA_36227,29,2053,SAFProductionSite,site_KARNATAKA_36227,KARNATAKA,inv_204,44459.74928966042,1540.71,0.56666667,,,,,,,,,,,31534855.573663242,,,0
30,site_ASSAM_34923,30,2054,SAFProductionSite,site_ASSAM_34923,ASSAM,inv_203,19389.629414316503,1615.71,0.2,,,,,,,,,,,12298648.04120681,,,0
30,site_UTTAR_PRADESH_34926,30,2054,SAFProductionSite,site_UTTAR_PRADESH_34926,UTTAR_PRADESH,inv_203,93925.305894088,1525.71,1.0,,,,,,,,,,,68029159.80602899,,,0
30,site_MAHARASHTRA_34948,30,2054,SAFProductionSite,site_MAHARASHTRA_34948,MAHARASHTRA,inv_204,96305.67143915583,1570.71,1.0,,,,,,,,,,,65419479.55190416,,,0
30,site_UTTAR_PRADESH_35970,30,2054,SAFProductionSite,site_UTTAR_PRADESH_35970,UTTAR_PRADESH,inv_223,61223.82845001688,1525.71,0.65,,,,,,,,,,,44343806.70806272,,,0
30,site_TELANGANA_36160,30,2054,SAFProductionSite,site_TELANGANA_36160,TELANGANA,inv_204,54206.20653013438,1525.71,0.5698,,,,,,,,,,,39261013.32771103,,,0
30,site_KARNATAKA_36227,30,2054,SAFProductionSite,site_KARNATAKA_36227,KARNATAKA,inv_204,54202.57520649063,1540.71,0.56666667,,,,,,,,,,,38445344.568211734,,,0
31,site_ASSAM_34923,31,2055,SAFProductionSite,site_ASSAM_34923,ASSAM,inv_203,16980.02961554121,1615.71,0.2,,,,,,,,,,,10770262.984841637,,,0
31,site_UTTAR_PRADESH_34926,31,2055,SAFProductionSite,site_UTTAR_PRADESH_34926,UTTAR_PRADESH,inv_203,95512.54875768915,1525.71,1.0,,,,,,,,,,,69178783.93970667,,,0
31,site_MAHARASHTRA_34948,31,2055,SAFProductionSite,site_MAHARASHTRA_34948,MAHARASHTRA,inv_204,97170.90997800266,1570.71,1.0,,,,,,,,,,,66007227.43895741,,,0
31,site_UTTAR_PRADESH_35970,31,2055,SAFProductionSite,site_UTTAR_PRADESH_35970,UTTAR_PRADESH,inv_223,62975.84363886926,1525.71,0.65,,,,,,,,,,,45612773.78919661,,,0
31,site_TELANGANA_36160,31,2055,SAFProductionSite,site_TELANGANA_36160,TELANGANA,inv_204,45525.07803929257,1525.71,0.5698,,,,,,,,,,,32973358.773079216,,,0
31,site_KARNATAKA_36227,31,2055,SAFProductionSite,site_KARNATAKA_36227,KARNATAKA,inv_204,44817.883675929195,1540.71,0.56666667,,,,,,,,,,,31788876.71249982,,,0
32,site_ASSAM_34923,32,2056,SAFProductionSite,site_ASSAM_34923,ASSAM,inv_203,17778.11332375091,1615.71,0.2,,,,,,,,,,,11276479.500121962,,,0
32,site_UTTAR_PRADESH_34926,32,2056,SAFProductionSite,site_UTTAR_PRADESH_34926,UTTAR_PRADESH,inv_203,84175.72326709103,1525.71,1.0,,,,,,,,,,,60967634.605121374,,,0
32,site_MAHARASHTRA_34948,32,2056,SAFProductionSite,site_MAHARASHTRA_34948,MAHARASHTRA,inv_204,95826.16572401473,1570.71,1.0,,,,,,,,,,,65093756.114665955,,,0
32,site_UTTAR_PRADESH_35970,32,2056,SAFProductionSite,site_UTTAR_PRADESH_35970,UTTAR_PRADESH,inv_223,54298.23715520072,1525.71,0.65,,,,,,,,,,,39327670.189140335,,,0
32,site_TELANGANA_36160,32,2056,SAFProductionSite,site_TELANGANA_36160,TELANGANA,inv_204,47576.915310209486,1525.71,0.5698,,,,,,,,,,,34459483.99003162,,,0
32,site_KARNATAKA_36227,32,2056,SAFProductionSite,site_KARNATAKA_36227,KARNATAKA,inv_204,53677.681879664815,1540.71,0.56666667,,,,,,,,,,,38073042.98042746,,,0
33,site_ASSAM_34923,33,2057,SAFProductionSite,site_ASSAM_34923,ASSAM,inv_203,19187.859295594437,1615.71,0.2,,,,,,,,,,,12170667.272602592,,,0
33,site_UTTAR_PRADESH_34926,33,2057,SAFProductionSite,site_UTTAR_PRADESH_34926,UTTAR_PRADESH,inv_203,96044.3028073045,1525.71,1.0,,,,,,,,,,,69563928.08030258,,,0
33,site_MAHARASHTRA_34948,33,2057,SAFProductionSite,site_MAHARASHTRA_34948,MAHARASHTRA,inv_204,96454.49177258647,1570.71,1.0,,,,,,,,,,,65520571.71620026,,,0
33,site_UTTAR_PRADESH_35970,33,2057,SAFProductionSite,site_UTTAR_PRADESH_35970,UTTAR_PRADESH,inv_223,62575.209498002296,1525.71,0.65,,,,,,,,,,,45322598.487308085,,,0
33,site_TELANGANA_36160,33,2057,SAFProductionSite,site_TELANGANA_36160,TELANGANA,inv_204,55440.117983347445,1525.71,0.5698,,,,,,,,,,,40154723.05415872,,,0
33,site_KARNATAKA_36227,33,2057,SAFProductionSite,site_KARNATAKA_36227,KARNATAKA,inv_204,54261.156393263656,1540.71,0.56666667,,,,,,,,,,,38486895.618177965,,,0
34,site_ASSAM_34923,34,2058,SAFProductionSite,site_ASSAM_34923,ASSAM,inv_203,18591.10422624711,1615.71,0.2,,,,,,,,,,,11792151.499666277,,,0
34,site_UTTAR_PRADESH_34926,34,2058,SAFProductionSite,site_UTTAR_PRADESH_34926,UTTAR_PRADESH,inv_203,96413.96873644502,1525.71,1.0,,,,,,,,,,,69831673.41611977,,,0
34,site_MAHARASHTRA_34948,34,2058,SAFProductionSite,site_MAHARASHTRA_34948,MAHARASHTRA,inv_204,96453.20688582392,1570.71,1.0,,,,,,,,,,,65519698.905471325,,,0
34,site_UTTAR_PRADESH_35970,34,2058,SAFProductionSite,site_UTTAR_PRADESH_35970,UTTAR_PRADESH,inv_223,63320.92207253291,1525.71,0.65,,,,,,,,,,,45862710.64791486,,,0
34,site_TELANGANA_36160,34,2058,SAFProductionSite,site_TELANGANA_36160,TELANGANA,inv_204,50315.52061882449,1525.71,0.5698,,,,,,,,,,,36443028.42900839,,,0
34,site_KARNATAKA_36227,34,2058,SAFProductionSite,site_KARNATAKA_36227,KARNATAKA,inv_204,54285.34308464529,1540.71,0.56666667,,,,,,,,,,,38504050.99650806,,,0
35,site_ASSAM_34923,35,2059,SAFProductionSite,site_ASSAM_34923,ASSAM,inv_203,19179.16408141628,1615.71,0.2,,,,,,,,,,,12165151.98520153,,,0
35,site_UTTAR_PRADESH_34926,35,2059,SAFProductionSite,site_UTTAR_PRADESH_34926,UTTAR_PRADESH,inv_203,85698.58569237452,1525.71,1.0,,,,,,,,,,,62070628.631129935,,,0
35,site_MAHARASHTRA_34948,35,2059,SAFProductionSite,site_MAHARASHTRA_34948,MAHARASHTRA,inv_204,97129.70620375065,1570.71,1.0,,,,,,,,,,,65979238.12714578,,,0
35,site_UTTAR_PRADESH_35970,35,2059,SAFProductionSite,site_UTTAR_PRADESH_35970,UTTAR_PRADESH,inv_223,54685.6733214313,1525.71,0.65,,,,,,,,,,,39608286.32997948,,,0
35,site_TELANGANA_36160,35,2059,SAFProductionSite,site_TELANGANA_36160,TELANGANA,inv_204,53425.08822574497,1525.71,0.5698,,,,,,,,,,,38695257.15102482,,,0
35,site_KARNATAKA_36227,35,2059,SAFProductionSite,site_KARNATAKA_36227,KARNATAKA,inv_204,47791.70115525609,1540.71,0.56666667,,,,,,,,,,,33898175.71241158,,,0
36,site_ASSAM_34923,36,2060,SAFProductionSite,site_ASSAM_34923,ASSAM,inv_203,17015.637434286597,1615.71,0.2,,,,,,,,,,,10792848.66819365,,,0
36,site_UTTAR_PRADESH_34926,36,2060,SAFProductionSite,site_UTTAR_PRADESH_34926,UTTAR_PRADESH,inv_203,78372.51765465079,1525.71,1.0,,,,,,,,,,,56764430.81208703,,,0
36,site_MAHARASHTRA_34948,36,2060,SAFProductionSite,site_MAHARASHTRA_34948,MAHARASHTRA,inv_204,96200.9577036033,1570.71,1.0,,,,,,,,,,,65348348.55848068,,,0
36,site_UTTAR_PRADESH_35970,36,2060,SAFProductionSite,site_UTTAR_PRADESH_35970,UTTAR_PRADESH,inv_223,51337.899434961575,1525.71,0.65,,,,,,,,,,,37183527.18174831,,,0
36,site_TELANGANA_36160,36,2060,SAFProductionSite,site_TELANGANA_36160,TELANGANA,inv_204,52779.52880463244,1525.71,0.5698,,,,,,,,,,,38227684.91790722,,,0
36,site_KARNATAKA_36227,36,2060,SAFProductionSite,site_KARNATAKA_36227,KARNATAKA,inv_204,47869.631140425714,1540.71,0.56666667,,,,,,,,,,,33953450.67159255,,,0
37,site_ASSAM_34923,37,2061,SAFProductionSite,site_ASSAM_34923,ASSAM,inv_203,15789.63558411972,1615.71,0.2,,,,,,,,,,,10015207.954651296,,,0
37,site_UTTAR_PRADESH_34926,37,2061,SAFProductionSite,site_UTTAR_PRADESH_34926,UTTAR_PRADESH,inv_203,96264.62111872065,1525.71,1.0,,,,,,,,,,,69723502.43007818,,,0
37,site_MAHARASHTRA_34948,37,2061,SAFProductionSite,site_MAHARASHTRA_34948,MAHARASHTRA,inv_204,96796.20015824353,1570.71,1.0,,,,,,,,,,,65752690.80549325,,,0
37,site_UTTAR_PRADESH_35970,37,2061,SAFProductionSite,site_UTTAR_PRADESH_35970,UTTAR_PRADESH,inv_223,62458.03669769929,1525.71,0.65,,,,,,,,,,,45237731.39977661,,,0
37,site_TELANGANA_36160,37,2061,SAFProductionSite,site_TELANGANA_36160,TELANGANA,inv_204,44594.263769148216,1525.71,0.5698,,,,,,,,,,,32299179.30535636,,,0
37,site_KARNATAKA_36227,37,2061,SAFProductionSite,site_KARNATAKA_36227,KARNATAKA,inv_204,55349.19543523897,1540.71,0.56666667,,,,,,,,,,,39258630.83026065,,,0
38,site_ASSAM_34923,38,2062,SAFProductionSite,site_ASSAM_34923,ASSAM,inv_203,17901.408920837774,1615.71,0.2,,,,,,,,,,,11354684.664398193,,,0
38,site_UTTAR_PRADESH_34926,38,2062,SAFProductionSite,site_UTTAR_PRADESH_34926,UTTAR_PRADESH,inv_203,97611.55476724572,1525.71,1.0,,,,,,,,,,,70699073.0023684,,,0
38,site_MAHARASHTRA_34948,38,2062,SAFProductionSite,site_MAHARASHTRA_34948,MAHARASHTRA,inv_204,96499.64468523068,1570.71,1.0,,,,,,,,,,,65551243.63823035,,,0
38,site_UTTAR_PRADESH_35970,38,2062,SAFProductionSite,site_UTTAR_PRADESH_35970,UTTAR_PRADESH,inv_223,63579.020736942824,1525.71,0.65,,,,,,,,,,,46049648.92956032,,,0
38,site_TELANGANA_36160,38,2062,SAFProductionSite,site_TELANGANA_36160,TELANGANA,inv_204,55329.679100619425,1525.71,0.5698,,,,,,,,,,,40074733.27578765,,,0
38,site_KARNATAKA_36227,38,2062,SAFProductionSite,site_KARNATAKA_36227,KARNATAKA,inv_204,47218.21208640296,1540.71,0.56666667,,,,,,,,,,,33491405.650764756,,,0
39,site_ASSAM_34923,39,2063,SAFProductionSite,site_ASSAM_34923,ASSAM,inv_203,19047.840349305614,1615.71,0.2,,,,,,,,,,,12081854.65516106,,,0
39,site_UTTAR_PRADESH_34926,39,2063,SAFProductionSite,site_UTTAR_PRADESH_34926,UTTAR_PRADESH,inv_203,97780.3125544693,1525.71,1.0,,,,,,,,,,,70821302.58007656,,,0
39,site_MAHARASHTRA_34948,39,2063,SAFProductionSite,site_MAHARASHTRA_34948,MAHARASHTRA,inv_204,95351.3199173457,1570.71,1.0,,,,,,,,,,,64771198.106653765,,,0
39,site_UTTAR_PRADESH_35970,39,2063,SAFProductionSite,site_UTTAR_PRADESH_35970,UTTAR_PRADESH,inv_223,63559.68512519578,1525.71,0.65,,,,,,,,,,,46035644.33932805,,,0
39,site_TELANGANA_36160,39,2063,SAFProductionSite,site_TELANGANA_36160,TELANGANA,inv_204,55265.774124712836,1525.71,0.5698,,,,,,,,,,,40028447.54078826,,,0
39,site_KARNATAKA_36227,39,2063,SAFProductionSite,site_KARNATAKA_36227,KARNATAKA,inv_204,53220.89584677956,1540.71,0.56666667,,,,,,,,,,,37749049.21516228,,,0
40,site_ASSAM_34923,40,2064,SAFProductionSite,site_ASSAM_34923,ASSAM,inv_203,15622.957323798599,1615.71,0.2,,,,,,,,,,,9909485.600912213,,,0
40,site_UTTAR_PRADESH_34926,40,2064,SAFProductionSite,site_UTTAR_PRADESH_34926,UTTAR_PRADESH,inv_203,95717.70678416279,1525.71,1.0,,,,,,,,,,,69327377.84670126,,,0
40,site_MAHARASHTRA_34948,40,2064,SAFProductionSite,site_MAHARASHTRA_34948,MAHARASHTRA,inv_204,97370.4823358063,1570.71,1.0,,,,,,,,,,,66142794.945889845,,,0
40,site_UTTAR_PRADESH_35970,40,2064,SAFProductionSite,site_UTTAR_PRADESH_35970,UTTAR_PRADESH,inv_223,62903.44676510144,1525.71,0.65,,,,,,,,,,,45560337.45749532,,,0
40,site_TELANGANA_36160,40,2064,SAFProductionSite,site_TELANGANA_36160,TELANGANA,inv_204,55140.50282412184,1525.71,0.5698,,,,,,,,,,,39937714.79048321,,,0
40,site_KARNATAKA_36227,40,2064,SAFProductionSite,site_KARNATAKA_36227,KARNATAKA,inv_204,54253.346417658904,1540.71,0.56666667,,,,,,,,,,,38481356.08058128,,,0
41,site_ASSAM_34923,41,2065,SAFProductionSite,site_ASSAM_34923,ASSAM,inv_203,16128.716237322584,1615.71,0.2,,,,,,,,,,,10230283.42217134,,,0
41,site_UTTAR_PRADESH_34926,41,2065,SAFProductionSite,site_UTTAR_PRADESH_34926,UTTAR_PRADESH,inv_203,87304.4793701975,1525.71,1.0,,,,,,,,,,,63233761.36304036,,,0
41,site_MAHARASHTRA_34948,41,2065,SAFProductionSite,site_MAHARASHTRA_34948,MAHARASHTRA,inv_204,96594.68728013219,1570.71,1.0,,,,,,,,,,,65615805.122521,,,0
41,site_UTTAR_PRADESH_35970,41,2065,SAFProductionSite,site_UTTAR_PRADESH_35970,UTTAR_PRADESH,inv_223,55955.007506400456,1525.71,0.65,,,,,,,,,,,40527652.386810794,,,0
41,site_TELANGANA_36160,41,2065,SAFProductionSite,site_TELANGANA_36160,TELANGANA,inv_204,55103.0871467648,1525.71,0.5698,,,,,,,,,,,39910614.989530265,,,0
41,site_KARNATAKA_36227,41,2065,SAFProductionSite,site_KARNATAKA_36227,KARNATAKA,inv_204,54249.020432655525,1540.71,0.56666667,,,,,,,,,,,38478287.70267825,,,0
42,site_ASSAM_34923,42,2066,SAFProductionSite,site_ASSAM_34923,ASSAM,inv_203,19243.050940133755,1615.71,0.2,,,,,,,,,,,12205674.780817438,,,0
42,site_UTTAR_PRADESH_34926,42,2066,SAFProductionSite,site_UTTAR_PRADESH_34926,UTTAR_PRADESH,inv_203,97503.68959318016,1525.71,1.0,,,,,,,,,,,70620947.33544444,,,0
42,site_MAHARASHTRA_34948,42,2066,SAFProductionSite,site_MAHARASHTRA_34948,MAHARASHTRA,inv_204,96331.67729240238,1570.71,1.0,,,,,,,,,,,65437145.067956015,,,0
42,site_UTTAR_PRADESH_35970,42,2066,SAFProductionSite,site_UTTAR_PRADESH_35970,UTTAR_PRADESH,inv_223,63228.84409590895,1525.71,0.65,,,,,,,,,,,45796019.49022588,,,0
42,site_TELANGANA_36160,42,2066,SAFProductionSite,site_TELANGANA_36160,TELANGANA,inv_204,46831.884865684326,1525.71,0.5698,,,,,,,,,,,33919865.88936649,,,0
42,site_KARNATAKA_36227,42,2066,SAFProductionSite,site_KARNATAKA_36227,KARNATAKA,inv_204,54149.787696553576,1540.71,0.56666667,,,,,,,,,,,38407902.91528848,,,0
42,site_WEST_BENGAL_37524,42,2066,SAFProductionSite,site_WEST_BENGAL_37524,WEST_BENGAL,inv_204,,1540.71,0.5497,,,,,,,,,,,,,,0
43,site_ASSAM_34923,43,2067,SAFProductionSite,site_ASSAM_34923,ASSAM,inv_203,18040.926152814653,1615.71,0.2,,,,,,,,,,,11443179.049468804,,,0
43,site_UTTAR_PRADESH_34926,43,2067,SAFProductionSite,site_UTTAR_PRADESH_34926,UTTAR_PRADESH,inv_203,96658.26410492133,1525.71,1.0,,,,,,,,,,,70008614.10855347,,,0
43,site_MAHARASHTRA_34948,43,2067,SAFProductionSite,site_MAHARASHTRA_34948,MAHARASHTRA,inv_204,96821.58613562337,1570.71,1.0,,,,,,,,,,,65769935.2460676,,,0
43,site_UTTAR_PRADESH_35970,43,2067,SAFProductionSite,site_UTTAR_PRADESH_35970,UTTAR_PRADESH,inv_223,63296.311269576276,1525.71,0.65,,,,,,,,,,,45844885.28944139,,,0
43,site_TELANGANA_36160,43,2067,SAFProductionSite,site_TELANGANA_36160,TELANGANA,inv_204,50539.47185158239,1525.71,0.5698,,,,,,,,,,,36605234.06738261,,,0
43,site_KARNATAKA_36227,43,2067,SAFProductionSite,site_KARNATAKA_36227,KARNATAKA,inv_204,44833.717854621136,1540.71,0.56666667,,,,,,,,,,,31800107.737104222,,,0
43,site_WEST_BENGAL_37524,43,2067,SAFProductionSite,site_WEST_BENGAL_37524,WEST_BENGAL,inv_204,,1540.71,0.5497,,,,,,,,,,,-125000000.0,,,0
44,site_ASSAM_34923,44,2068,SAFProductionSite,site_ASSAM_34923,ASSAM,inv_203,19147.186728081535,1615.71,0.2,,,,,,,,,,,12144869.069754839,,,0
44,site_UTTAR_PRADESH_34926,44,2068,SAFProductionSite,site_UTTAR_PRADESH_34926,UTTAR_PRADESH,inv_203,96864.51191053024,1525.71,1.0,,,,,,,,,,,70157997.33167794,,,0
44,site_MAHARASHTRA_34948,44,2068,SAFProductionSite,site_MAHARASHTRA_34948,MAHARASHTRA,inv_204,96217.86848576998,1570.71,1.0,,,,,,,,,,,65359835.8836987,,,0
44,site_UTTAR_PRADESH_35970,44,2068,SAFProductionSite,site_UTTAR_PRADESH_35970,UTTAR_PRADESH,inv_223,62309.187838308244,1525.71,0.65,,,,,,,,,,,45129921.65940827,,,0
44,site_TELANGANA_36160,44,2068,SAFProductionSite,site_TELANGANA_36160,TELANGANA,inv_204,54777.34005616598,1525.71,0.5698,,,,,,,,,,,39674679.62928045,,,0
44,site_KARNATAKA_36227,44,2068,SAFProductionSite,site_KARNATAKA_36227,KARNATAKA,inv_204,47067.62700003502,1540.71,0.56666667,,,,,,,,,,,33384597.154854834,,,0
44,site_WEST_BENGAL_37524,44,2068,SAFProductionSite,site_WEST_BENGAL_37524,WEST_BENGAL,inv_204,,1540.71,0.5497,,,,,,,,,,,-125000000.0,,,0
45,site_ASSAM_34923,45,2069,SAFProductionSite,site_ASSAM_34923,ASSAM,inv_203,15447.738844375059,1615.71,0.2,,,,,,,,,,,9798346.271598656,,,0
45,site_UTTAR_PRADESH_34926,45,2069,SAFProductionSite,site_UTTAR_PRADESH_34926,UTTAR_PRADESH,inv_203,95081.16973916891,1525.71,1.0,,,,,,,,,,,68866340.43038265,,,0
45,site_MAHARASHTRA_34948,45,2069,SAFProductionSite,site_MAHARASHTRA_34948,MAHARASHTRA,inv_204,96121.4366368657,1570.71,1.0,,,,,,,,,,,65294330.693056494,,,0
45,site_UTTAR_PRADESH_35970,45,2069,SAFProductionSite,site_UTTAR_PRADESH_35970,UTTAR_PRADESH,inv_223,62063.234735955986,1525.71,0.65,,,,,,,,,,,44951780.28690556,,,0
45,site_TELANGANA_36160,45,2069,SAFProductionSite,site_TELANGANA_36160,TELANGANA,inv_204,52062.886540722015,1525.71,0.5698,,,,,,,,,,,37708628.09257954,,,0
45,site_KARNATAKA_36227,45,2069,SAFProductionSite,site_KARNATAKA_36227,KARNATAKA,inv_204,54090.560940977084,1540.71,0.56666667,,,,,,,,,,,38365893.969825625,,,0
45,site_WEST_BENGAL_37524,45,2069,SAFProductionSite,site_WEST_BENGAL_37524,WEST_BENGAL,inv_204,,1540.71,0.5497,,,,,,,,,,,-125000000.0,,,0
46,site_ASSAM_34923,46,2070,SAFProductionSite,site_ASSAM_34923,ASSAM,inv_203,19578.65094945211,1615.71,0.2,,,,,,,,,,,12418542.51072798,,,0
46,site_UTTAR_PRADESH_34926,46,2070,SAFProductionSite,site_UTTAR_PRADESH_34926,UTTAR_PRADESH,inv_203,87196.90133454528,1525.71,1.0,,,,,,,,,,,63155843.6675978,,,0
46,site_MAHARASHTRA_34948,46,2070,SAFProductionSite,site_MAHARASHTRA_34948,MAHARASHTRA,inv_204,95528.06671653272,1570.71,1.0,,,,,,,,,,,64891260.43987352,,,0
46,site_UTTAR_PRADESH_35970,46,2070,SAFProductionSite,site_UTTAR_PRADESH_35970,UTTAR_PRADESH,inv_223,55515.48151310404,1525.71,0.65,,,,,,,,,,,40209308.10512611,,,0
46,site_TELANGANA_36160,46,2070,SAFProductionSite,site_TELANGANA_36160,TELANGANA,inv_204,55506.14535014109,1525.71,0.5698,,,,,,,,,,,40202546.015653685,,,0
46,site_KARNATAKA_36227,46,2070,SAFProductionSite,site_KARNATAKA_36227,KARNATAKA,inv_204,44802.18182688652,1540.71,0.56666667,,,,,,,,,,,31777739.54799234,,,0
46,site_WEST_BENGAL_37524,46,2070,SAFProductionSite,site_WEST_BENGAL_37524,WEST_BENGAL,inv_204,52797.33267693622,1540.71,0.5497,,,,,,,,,,,37448620.094424084,,,0
47,site_ASSAM_34923,47,2071,SAFProductionSite,site_ASSAM_34923,ASSAM,inv_203,17394.327170972952,1615.71,0.2,,,,,,,,,,,11033047.781276431,,,0
47,site_UTTAR_PRADESH_34926,47,2071,SAFProductionSite,site_UTTAR_PRADESH_34926,UTTAR_PRADESH,inv_203,97229.30921343989,1525.71,1.0,,,,,,,,,,,70422216.37020239,,,0
47,site_MAHARASHTRA_34948,47,2071,SAFProductionSite,site_MAHARASHTRA_34948,MAHARASHTRA,inv_204,95833.9170037972,1570.71,1.0,,,,,,,,,,,65099021.48150939,,,0
47,site_UTTAR_PRADESH_35970,47,2071,SAFProductionSite,site_UTTAR_PRADESH_35970,UTTAR_PRADESH,inv_223,62960.347749416214,1525.71,0.65,,,,,,,,,,,45601550.271424666,,,0
47,site_TELANGANA_36160,47,2071,SAFProductionSite,site_TELANGANA_36160,TELANGANA,inv_204,53011.24096258249,1525.71,0.5698,,,,,,,,,,,38395511.71678886,,,0
47,site_KARNATAKA_36227,47,2071,SAFProductionSite,site_KARNATAKA_36227,KARNATAKA,inv_204,50538.51002651721,1540.71,0.56666667,,,,,,,,,,,35846459.77670838,,,0
47,site_WEST_BENGAL_37524,47,2071,SAFProductionSite,site_WEST_BENGAL_37524,WEST_BENGAL,inv_204,47242.056835017596,1540.71,0.5497,,,,,,,,,,,33508318.492509633,,,0
48,site_ASSAM_34923,48,2072,SAFProductionSite,site_ASSAM_34923,ASSAM,inv_203,16991.609385763142,1615.71,0.2,,,,,,,,,,,10777607.917295702,,,0
48,site_UTTAR_PRADESH_34926,48,2072,SAFProductionSite,site_UTTAR_PRADESH_34926,UTTAR_PRADESH,inv_203,95835.8359978422,1525.71,1.0,,,,,,,,,,,69412937.65487711,,,0
48,site_MAHARASHTRA_34948,48,2072,SAFProductionSite,site_MAHARASHTRA_34948,MAHARASHTRA,inv_204,95037.21498215065,1570.71,1.0,,,,,,,,,,,64557829.7652251,,,0
48,site_UTTAR_PRADESH_35970,48,2072,SAFProductionSite,site_UTTAR_PRADESH_35970,UTTAR_PRADESH,inv_223,62543.087666391046,1525.71,0.65,,,,,,,,,,,45299332.96589036,,,0
48,site_TELANGANA_36160,48,2072,SAFProductionSite,site_TELANGANA_36160,TELANGANA,inv_204,53701.66214770764,1525.71,0.5698,,,,,,,,,,,38895576.87696317,,,0
48,site_KARNATAKA_36227,48,2072,SAFProductionSite,site_KARNATAKA_36227,KARNATAKA,inv_204,47909.10584450156,1540.71,0.56666667,,,,,,,,,,,33981449.68444651,,,0
48,site_WEST_BENGAL_37524,48,2072,SAFProductionSite,site_WEST_BENGAL_37524,WEST_BENGAL,inv_204,53311.323823983206,1540.71,0.5497,,,,,,,,,,,37813188.875113055,,,0
49,site_ASSAM_34923,49,2073,SAFProductionSite,site_ASSAM_34923,ASSAM,inv_203,19466.79689433922,1615.71,0.2,,,,,,,,,,,12347594.602110423,,,0
49,site_UTTAR_PRADESH_34926,49,2073,SAFProductionSite,site_UTTAR_PRADESH_34926,UTTAR_PRADESH,inv_203,90162.87803940865,1525.71,1.0,,,,,,,,,,,65304070.93516329,,,0
49,site_MAHARASHTRA_34948,49,2073,SAFProductionSite,site_MAHARASHTRA_34948,MAHARASHTRA,inv_204,95117.02882335108,1570.71,1.0,,,,,,,,,,,64612046.509414166,,,0
49,site_UTTAR_PRADESH_35970,49,2073,SAFProductionSite,site_UTTAR_PRADESH_35970,UTTAR_PRADESH,inv_223,59230.72763404772,1525.71,0.65,,,,,,,,,,,42900223.71806441,,,0
49,site_TELANGANA_36160,49,2073,SAFProductionSite,site_TELANGANA_36160,TELANGANA,inv_204,52038.1887018639,1525.71,0.5698,,,,,,,,,,,37690739.694873,,,0
49,site_KARNATAKA_36227,49,2073,SAFProductionSite,site_KARNATAKA_36227,KARNATAKA,inv_204,52469.929842380116,1540.71,0.56666667,,,,,,,,,,,37216396.53790179,,,0
49,site_WEST_BENGAL_37524,49,2073,SAFProductionSite,site_WEST_BENGAL_37524,WEST_BENGAL,inv_204,52019.23775492329,1540.71,0.5497,,,,,,,,,,,36896725.14718954,,,0
50,site_ASSAM_34923,50,2074,SAFProductionSite,site_ASSAM_34923,ASSAM,inv_203,19455.23644760355,1615.71,0.2,,,,,,,,,,,12340261.926350452,,,0
50,site_UTTAR_PRADESH_34926,50,2074,SAFProductionSite,site_UTTAR_PRADESH_34926,UTTAR_PRADESH,inv_203,97945.81433688661,1525.71,1.0,,,,,,,,,,,70941173.8660636,,,0
50,site_MAHARASHTRA_34948,50,2074,SAFProductionSite,site_MAHARASHTRA_34948,MAHARASHTRA,inv_204,95650.50863433951,1570.71,1.0,,,,,,,,,,,64974434.01022048,,,0
50,site_UTTAR_PRADESH_35970,50,2074,SAFProductionSite,site_UTTAR_PRADESH_35970,UTTAR_PRADESH,inv_223,62673.14912727322,1525.71,0.65,,,,,,,,,,,45393535.181392714,,,0
50,site_TELANGANA_36160,50,2074,SAFProductionSite,site_TELANGANA_36160,TELANGANA,inv_204,55655.153312408,1525.71,0.5698,,,,,,,,,,,40310470.99264398,,,0
50,site_KARNATAKA_36227,50,2074,SAFProductionSite,site_KARNATAKA_36227,KARNATAKA,inv_204,54161.89327800806,1540.71,0.56666667,,,,,,,,,,,38416489.28315833,,,0
50,site_WEST_BENGAL_37524,50,2074,SAFProductionSite,site_WEST_BENGAL_37524,WEST_BENGAL,inv_204,53333.473172401864,1540.71,0.5497,,,,,,,,,,,37828899.18645291,,,0
51,site_ASSAM_34923,51,2075,SAFProductionSite,site_ASSAM_34923,ASSAM,inv_203,19548.918816634396,1615.71,0.2,,,,,,,,,,,12399683.716203026,,,0
51,site_UTTAR_PRADESH_34926,51,2075,SAFProductionSite,site_UTTAR_PRADESH_34926,UTTAR_PRADESH,inv_203,81146.28535102058,1525.71,1.0,,,,,,,,,,,58773443.01689069,,,0
51,site_MAHARASHTRA_34948,51,2075,SAFProductionSite,site_MAHARASHTRA_34948,MAHARASHTRA,inv_204,95066.83139774148,1570.71,1.0,,,,,,,,,,,64577947.90017182,,,0
51,site_UTTAR_PRADESH_35970,51,2075,SAFProductionSite,site_UTTAR_PRADESH_35970,UTTAR_PRADESH,inv_223,53452.53846863426,1525.71,0.65,,,,,,,,,,,38715139.08744709,,,0
51,site_TELANGANA_36160,51,2075,SAFProductionSite,site_TELANGANA_36160,TELANGANA,inv_204,54169.4560707857,1525.71,0.5698,,,,,,,,,,,39234395.33750938,,,0
51,site_KARNATAKA_36227,51,2075,SAFProductionSite,site_KARNATAKA_36227,KARNATAKA,inv_204,54343.32211123531,1540.71,0.56666667,,,,,,,,,,,38545174.9402781,,,0
51,site_WEST_BENGAL_37524,51,2075,SAFProductionSite,site_WEST_BENGAL_37524,WEST_BENGAL,inv_204,51781.43307611454,1540.71,0.5497,,,,,,,,,,,36728052.66655729,,,0
52,site_ASSAM_34923,52,2076,SAFProductionSite,site_ASSAM_34923,ASSAM,inv_203,16177.373026552568,1615.71,0.2,,,,,,,,,,,10261145.937012028,,,0
52,site_UTTAR_PRADESH_34926,52,2076,SAFProductionSite,site_UTTAR_PRADESH_34926,UTTAR_PRADESH,inv_203,97143.92878777985,1525.71,1.0,,,,,,,,,,,70360376.18170106,,,0
52,site_MAHARASHTRA_34948,52,2076,SAFProductionSite,site_MAHARASHTRA_34948,MAHARASHTRA,inv_204,97809.37765666044,1570.71,1.0,,,,,,,,,,,66440932.14839287,,,0
52,site_UTTAR_PRADESH_35970,52,2076,SAFProductionSite,site_UTTAR_PRADESH_35970,UTTAR_PRADESH,inv_223,62674.38139336447,1525.71,0.65,,,,,,,,,,,45394427.69939996,,,0
52,site_TELANGANA_36160,52,2076,SAFProductionSite,site_TELANGANA_36160,TELANGANA,inv_204,54959.2513082509,1525.71,0.5698,,,,,,,,,,,39806436.13005304,,,0
52,site_KARNATAKA_36227,52,2076,SAFProductionSite,site_KARNATAKA_36227,KARNATAKA,inv_204,47248.89434755611,1540.71,0.56666667,,,,,,,,,,,33513168.271778062,,,0
52,site_WEST_BENGAL_37524,52,2076,SAFProductionSite,site_WEST_BENGAL_37524,WEST_BENGAL,inv_204,53165.03765601737,1540.71,0.5497,,,,,,,,,,,37709429.55903657,,,0
53,site_ASSAM_34923,53,2077,SAFProductionSite,site_ASSAM_34923,ASSAM,inv_203,19143.628277892083,1615.71,0.2,,,,,,,,,,,12142611.980384167,,,0
53,site_UTTAR_PRADESH_34926,53,2077,SAFProductionSite,site_UTTAR_PRADESH_34926,UTTAR_PRADESH,inv_203,95868.12847977469,1525.71,1.0,,,,,,,,,,,69436326.77661602,,,0
53,site_MAHARASHTRA_34948,53,2077,SAFProductionSite,site_MAHARASHTRA_34948,MAHARASHTRA,inv_204,95907.2210843048,1570.71,1.0,,,,,,,,,,,65148816.2103574,,,0
53,site_UTTAR_PRADESH_35970,53,2077,SAFProductionSite,site_UTTAR_PRADESH_35970,UTTAR_PRADESH,inv_223,62983.24482587145,1525.71,0.65,,,,,,,,,,,45618134.39493044,,,0
53,site_TELANGANA_36160,53,2077,SAFProductionSite,site_TELANGANA_36160,TELANGANA,inv_204,54923.420646655846,1525.71,0.5698,,,,,,,,,,,39780484.34016636,,,0
53,site_KARNATAKA_36227,53,2077,SAFProductionSite,site_KARNATAKA_36227,KARNATAKA,inv_204,51732.74954795199,1540.71,0.56666667,,,,,,,,,,,36693521.926866874,,,0
53,site_WEST_BENGAL_37524,53,2077,SAFProductionSite,site_WEST_BENGAL_37524,WEST_BENGAL,inv_204,49305.35586312865,1540.71,0.5497,,,,,,,,,,,34971795.86015851,,,0
54,site_ASSAM_34923,54,2078,SAFProductionSite,site_ASSAM_34923,ASSAM,inv_203,19145.7115354358,1615.71,0.2,,,,,,,,,,,12143933.369811572,,,0
54,site_UTTAR_PRADESH_34926,54,2078,SAFProductionSite,site_UTTAR_PRADESH_34926,UTTAR_PRADESH,inv_203,95379.78751374598,1525.71,1.0,,,,,,,,,,,69082626.29833107,,,0
54,site_MAHARASHTRA_34948,54,2078,SAFProductionSite,site_MAHARASHTRA_34948,MAHARASHTRA,inv_204,96900.5205493761,1570.71,1.0,,,,,,,,,,,65823554.60398568,,,0
54,site_UTTAR_PRADESH_35970,54,2078,SAFProductionSite,site_UTTAR_PRADESH_35970,UTTAR_PRADESH,inv_223,62196.224823186865,1525.71,0.65,,,,,,,,,,,45048103.67718601,,,0
54,site_TELANGANA_36160,54,2078,SAFProductionSite,site_TELANGANA_36160,TELANGANA,inv_204,55597.11536801827,1525.71,0.5698,,,,,,,,,,,40268434.68990195,,,0
54,site_KARNATAKA_36227,54,2078,SAFProductionSite,site_KARNATAKA_36227,KARNATAKA,inv_204,54304.55494898456,1540.71,0.56666667,,,,,,,,,,,38517677.77976525,,,0
54,site_WEST_BENGAL_37524,54,2078,SAFProductionSite,site_WEST_BENGAL_37524,WEST_BENGAL,inv_204,44903.562651885404,1540.71,0.5497,,,,,,,,,,,31849647.953355797,,,0
55,site_ASSAM_34923,55,2079,SAFProductionSite,site_ASSAM_34923,ASSAM,inv_203,18693.19318373683,1615.71,0.2,,,,,,,,,,,11856905.50451243,,,0
55,site_UTTAR_PRADESH_34926,55,2079,SAFProductionSite,site_UTTAR_PRADESH_34926,UTTAR_PRADESH,inv_203,82215.21502144131,1525.71,1.0,,,,,,,,,,,59547658.08787972,,,0
55,site_MAHARASHTRA_34948,55,2079,SAFProductionSite,site_MAHARASHTRA_34948,MAHARASHTRA,inv_204,97989.20650841629,1570.71,1.0,,,,,,,,,,,66563088.089102104,,,0
55,site_UTTAR_PRADESH_35970,55,2079,SAFProductionSite,site_UTTAR_PRADESH_35970,UTTAR_PRADESH,inv_223,53116.999300086216,1525.71,0.65,,,,,,,,,,,38472111.42305945,,,0
55,site_TELANGANA_36160,55,2079,SAFProductionSite,site_TELANGANA_36160,TELANGANA,inv_204,55500.80721408612,1525.71,0.5698,,,,,,,,,,,40198679.657090425,,,0
55,site_KARNATAKA_36227,55,2079,SAFProductionSite,site_KARNATAKA_36227,KARNATAKA,inv_204,52364.61428586482,1540.71,0.56666667,,,,,,,,,,,37141697.26682106,,,0
55,site_WEST_BENGAL_37524,55,2079,SAFProductionSite,site_WEST_BENGAL_37524,WEST_BENGAL,inv_204,43052.89808278551,1540.71,0.5497,,,,,,,,,,,30536990.08113893,,,0
56,site_ASSAM_34923,56,2080,SAFProductionSite,site_ASSAM_34923,ASSAM,inv_203,19490.608150934648,1615.71,0.2,,,,,,,,,,,12362697.844056338,,,0
56,site_UTTAR_PRADESH_34926,56,2080,SAFProductionSite,site_UTTAR_PRADESH_34926,UTTAR_PRADESH,inv_203,96291.01673122765,1525.71,1.0,,,,,,,,,,,69742620.50826088,,,0
56,site_MAHARASHTRA_34948,56,2080,SAFProductionSite,site_MAHARASHTRA_34948,MAHARASHTRA,inv_204,95118.8258849608,1570.71,1.0,,,,,,,,,,,64613267.23539503,,,0
56,site_UTTAR_PRADESH_35970,56,2080,SAFProductionSite,site_UTTAR_PRADESH_35970,UTTAR_PRADESH,inv_223,62752.41671432521,1525.71,0.65,,,,,,,,,,,45450947.90201861,,,0
56,site_TELANGANA_36160,56,2080,SAFProductionSite,site_TELANGANA_36160,TELANGANA,inv_204,44047.685516389436,1525.71,0.5698,,,,,,,,,,,31903298.142665707,,,0
56,site_KARNATAKA_36227,56,2080,SAFProductionSite,site_KARNATAKA_36227,KARNATAKA,inv_204,44775.25598845329,1540.71,0.56666667,,,,,,,,,,,31758641.32005004,,,0
56,site_WEST_BENGAL_37524,56,2080,SAFProductionSite,site_WEST_BENGAL_37524,WEST_BENGAL,inv_204,46853.641297113616,1540.71,0.5497,,,,,,,,,,,33232819.235629708,,,0
57,site_ASSAM_34923,57,2081,SAFProductionSite,site_ASSAM_34923,ASSAM,inv_203,19278.022130401707,1615.71,0.2,,,,,,,,,,,12227856.6570925,,,0
57,site_UTTAR_PRADESH_34926,57,2081,SAFProductionSite,site_UTTAR_PRADESH_34926,UTTAR_PRADESH,inv_203,96067.27422105332,1525.71,1.0,,,,,,,,,,,69580566.04556671,,,0
57,site_MAHARASHTRA_34948,57,2081,SAFProductionSite,site_MAHARASHTRA_34948,MAHARASHTRA,inv_204,95261.24186120412,1570.71,1.0,,,,,,,,,,,64710008.98389733,,,0
57,site_UTTAR_PRADESH_35970,57,2081,SAFProductionSite,site_UTTAR_PRADESH_35970,UTTAR_PRADESH,inv_223,61946.10782035201,1525.71,0.65,,,,,,,,,,,44866946.43320276,,,0
57,site_TELANGANA_36160,57,2081,SAFProductionSite,site_TELANGANA_36160,TELANGANA,inv_204,54816.41232700384,1525.71,0.5698,,,,,,,,,,,39702979.2843256,,,0
57,site_KARNATAKA_36227,57,2081,SAFProductionSite,site_KARNATAKA_36227,KARNATAKA,inv_204,52091.617031135786,1540.71,0.56666667,,,,,,,,,,,36948063.04401429,,,0
57,site_WEST_BENGAL_37524,57,2081,SAFProductionSite,site_WEST_BENGAL_37524,WEST_BENGAL,inv_204,43761.89892455064,1540.71,0.5497,,,,,,,,,,,31039877.288194522,,,0
58,site_ASSAM_34923,58,2082,SAFProductionSite,site_ASSAM_34923,ASSAM,inv_203,18070.54538698291,1615.71,0.2,,,,,,,,,,,11461966.233509388,,,0
58,site_UTTAR_PRADESH_34926,58,2082,SAFProductionSite,site_UTTAR_PRADESH_34926,UTTAR_PRADESH,inv_203,81024.37979024697,1525.71,1.0,,,,,,,,,,,58685148.03827797,,,0
58,site_MAHARASHTRA_34948,58,2082,SAFProductionSite,site_MAHARASHTRA_34948,MAHARASHTRA,inv_204,96993.26895945723,1570.71,1.0,,,,,,,,,,,65886557.6714697,,,0
58,site_UTTAR_PRADESH_35970,58,2082,SAFProductionSite,site_UTTAR_PRADESH_35970,UTTAR_PRADESH,inv_223,51311.02328909083,1525.71,0.65,,,,,,,,,,,37164061.05805559,,,0
58,site_TELANGANA_36160,58,2082,SAFProductionSite,site_TELANGANA_36160,TELANGANA,inv_204,45880.79469229444,1525.71,0.5698,,,,,,,,,,,33231000.787681945,,,0
58,site_KARNATAKA_36227,58,2082,SAFProductionSite,site_KARNATAKA_36227,KARNATAKA,inv_204,48790.50414795463,1540.71,0.56666667,,,,,,,,,,,34606616.687102735,,,0
58,site_WEST_BENGAL_37524,58,2082,SAFProductionSite,site_WEST_BENGAL_37524,WEST_BENGAL,inv_204,52331.590570749046,1540.71,0.5497,,,,,,,,,,,37118273.875926584,,,0
59,site_ASSAM_34923,59,2083,SAFProductionSite,site_ASSAM_34923,ASSAM,inv_203,17679.542110770075,1615.71,0.2,,,,,,,,,,,11213956.765440352,,,0
59,site_UTTAR_PRADESH_34926,59,2083,SAFProductionSite,site_UTTAR_PRADESH_34926,UTTAR_PRADESH,inv_203,97309.13764831405,1525.71,1.0,,,,,,,,,,,70480035.30729736,,,0
59,site_MAHARASHTRA_34948,59,2083,SAFProductionSite,site_MAHARASHTRA_34948,MAHARASHTRA,inv_204,95550.02003612557,1570.71,1.0,,,,,,,,,,,64906173.11033973,,,0
59,site_UTTAR_PRADESH_35970,59,2083,SAFProductionSite,site_UTTAR_PRADESH_35970,UTTAR_PRADESH,inv_223,62005.68933144588,1525.71,0.65,,,,,,,,,,,44910100.725872934,,,0
59,site_TELANGANA_36160,59,2083,SAFProductionSite,site_TELANGANA_36160,TELANGANA,inv_204,55674.487869861405,1525.71,0.5698,,,,,,,,,,,40324474.81926191,,,0
59,site_KARNATAKA_36227,59,2083,SAFProductionSite,site_KARNATAKA_36227,KARNATAKA,inv_204,44191.52258981522,1540.71,0.56666667,,,,,,,,,,,31344605.05773004,,,0
59,site_WEST_BENGAL_37524,59,2083,SAFProductionSite,site_WEST_BENGAL_37524,WEST_BENGAL,inv_204,52443.289899236646,1540.71,0.5497,,,,,,,,,,,37197501.09262957,,,0
60,site_ASSAM_34923,60,2084,SAFProductionSite,site_ASSAM_34923,ASSAM,inv_203,19473.963169293882,1615.71,0.2,,,,,,,,,,,12352140.098651413,,,0
60,site_UTTAR_PRADESH_34926,60,2084,SAFProductionSite,site_UTTAR_PRADESH_34926,UTTAR_PRADESH,inv_203,96418.83406413584,1525.71,1.0,,,,,,,,,,,69835197.32431294,,,0
60,site_MAHARASHTRA_34948,60,2084,SAFProductionSite,site_MAHARASHTRA_34948,MAHARASHTRA,inv_204,95470.33984754558,1570.71,1.0,,,,,,,,,,,64852047.155039236,,,0
60,site_UTTAR_PRADESH_35970,60,2084,SAFProductionSite,site_UTTAR_PRADESH_35970,UTTAR_PRADESH,inv_223,62459.13300303687,1525.71,0.65,,,,,,,,,,,45238525.44276957,,,0
60,site_TELANGANA_36160,60,2084,SAFProductionSite,site_TELANGANA_36160,TELANGANA,inv_204,47061.72810611592,1525.71,0.5698,,,,,,,,,,,34086339.049978696,,,0
60,site_KARNATAKA_36227,60,2084,SAFProductionSite,site_KARNATAKA_36227,KARNATAKA,inv_204,55283.377184734,1540.71,0.56666667,,,,,,,,,,,39211946.60335998,,,0
60,site_WEST_BENGAL_37524,60,2084,SAFProductionSite,site_WEST_BENGAL_37524,WEST_BENGAL,inv_204,52119.44130228163,1540.71,0.5497,,,,,,,,,,,36967798.52129534,,,0
61,site_ASSAM_34923,61,2085,SAFProductionSite,site_ASSAM_34923,ASSAM,inv_203,19327.1048594463,1615.71,0.2,,,,,,,,,,,12258989.341298189,,,0
61,site_UTTAR_PRADESH_34926,61,2085,SAFProductionSite,site_UTTAR_PRADESH_34926,UTTAR_PRADESH,inv_203,95195.32151665204,1525.71,1.0,,,,,,,,,,,68949019.4212959,,,0
61,site_MAHARASHTRA_34948,61,2085,SAFProductionSite,site_MAHARASHTRA_34948,MAHARASHTRA,inv_204,96507.03518112327,1570.71,1.0,,,,,,,,,,,65556263.928185225,,,0
61,site_UTTAR_PRADESH_35970,61,2085,SAFProductionSite,site_UTTAR_PRADESH_35970,UTTAR_PRADESH,inv_223,63205.32550478294,1525.71,0.65,,,,,,,,,,,45778985.20985924,,,0
61,site_TELANGANA_36160,61,2085,SAFProductionSite,site_TELANGANA_36160,TELANGANA,inv_204,49898.43289803162,1525.71,0.5698,,,,,,,,,,,36140935.96371532,,,0
61,site_KARNATAKA_36227,61,2085,SAFProductionSite,site_KARNATAKA_36227,KARNATAKA,inv_204,43941.508569399826,1540.71,0.56666667,,,,,,,,,,,31167272.6131896,,,0
61,site_WEST_BENGAL_37524,61,2085,SAFProductionSite,site_WEST_BENGAL_37524,WEST_BENGAL,inv_204,52026.41719675075,1540.71,0.5497,,,,,,,,,,,36901817.45348334,,,0
62,site_ASSAM_34923,62,2086,SAFProductionSite,site_ASSAM_34923,ASSAM,inv_203,19550.8109685043,1615.71,0.2,,,,,,,,,,,12400883.88921259,,,0
62,site_UTTAR_PRADESH_34926,62,2086,SAFProductionSite,site_UTTAR_PRADESH_34926,UTTAR_PRADESH,inv_203,91088.61958130136,1525.71,1.0,,,,,,,,,,,65974576.276540756,,,0
62,site_MAHARASHTRA_34948,62,2086,SAFProductionSite,site_MAHARASHTRA_34948,MAHARASHTRA,inv_204,97184.09903875455,1570.71,1.0,,,,,,,,,,,66016186.63603559,,,0
62,site_UTTAR_PRADESH_35970,62,2086,SAFProductionSite,site_UTTAR_PRADESH_35970,UTTAR_PRADESH,inv_223,58997.55836287845,1525.71,0.65,,,,,,,,,,,42731341.54664923,,,0
62,site_TELANGANA_36160,62,2086,SAFProductionSite,site_TELANGANA_36160,TELANGANA,inv_204,54389.509841068124,1525.71,0.5698,,,,,,,,,,,39393778.08278723,,,0
62,site_KARNATAKA_36227,62,2086,SAFProductionSite,site_KARNATAKA_36227,KARNATAKA,inv_204,55284.4849060928,1540.71,0.56666667,,,,,,,,,,,39212732.29904255,,,0
62,site_WEST_BENGAL_37524,62,2086,SAFProductionSite,site_WEST_BENGAL_37524,WEST_BENGAL,inv_204,52236.85682452402,1540.71,0.5497,,,,,,,,,,,37051080.17706664,,,0
63,site_ASSAM_34923,63,2087,SAFProductionSite,site_ASSAM_34923,ASSAM,inv_203,19144.174348377353,1615.71,0.2,,,,,,,,,,,12142958.347432274,,,0
63,site_UTTAR_PRADESH_34926,63,2087,SAFProductionSite,site_UTTAR_PRADESH_34926,UTTAR_PRADESH,inv_203,96047.24838602392,1525.71,1.0,,,,,,,,,,,69566061.53351325,,,0
63,site_MAHARASHTRA_34948,63,2087,SAFProductionSite,site_MAHARASHTRA_34948,MAHARASHTRA,inv_204,96965.54333216124,1570.71,1.0,,,,,,,,,,,65867723.930103794,,,0
63,site_UTTAR_PRADESH_35970,63,2087,SAFProductionSite,site_UTTAR_PRADESH_35970,UTTAR_PRADESH,inv_223,62324.29136994118,1525.71,0.65,,,,,,,,,,,45140860.9963347,,,0
63,site_TELANGANA_36160,63,2087,SAFProductionSite,site_TELANGANA_36160,TELANGANA,inv_204,46507.70471337257,1525.71,0.5698,,,,,,,,,,,33685065.44684862,,,0
63,site_KARNATAKA_36227,63,2087,SAFProductionSite,site_KARNATAKA_36227,KARNATAKA,inv_204,49718.409479142625,1540.71,0.56666667,,,,,,,,,,,35264770.65946108,,,0
63,site_WEST_BENGAL_37524,63,2087,SAFProductionSite,site_WEST_BENGAL_37524,WEST_BENGAL,inv_204,45392.31508825243,1540.71,0.5497,,,,,,,,,,,32196315.168946557,,,0
64,site_ASSAM_34923,64,2088,SAFProductionSite,site_ASSAM_34923,ASSAM,inv_203,19231.788160939224,1615.71,0.2,,,,,,,,,,,12198530.912602138,,,0
64,site_UTTAR_PRADESH_34926,64,2088,SAFProductionSite,site_UTTAR_PRADESH_34926,UTTAR_PRADESH,inv_203,84643.2410555664,1525.71,1.0,,,,,,,,,,,61306253.06413619,,,0
64,site_MAHARASHTRA_34948,64,2088,SAFProductionSite,site_MAHARASHTRA_34948,MAHARASHTRA,inv_204,95778.25486497696,1570.71,1.0,,,,,,,,,,,65061210.74723019,,,0
64,site_UTTAR_PRADESH_35970,64,2088,SAFProductionSite,site_UTTAR_PRADESH_35970,UTTAR_PRADESH,inv_223,56151.02151510804,1525.71,0.65,,,,,,,,,,,40669623.3731776,,,0
64,site_TELANGANA_36160,64,2088,SAFProductionSite,site_TELANGANA_36160,TELANGANA,inv_204,55701.40576284886,1525.71,0.5698,,,,,,,,,,,40343971.179973796,,,0
64,site_KARNATAKA_36227,64,2088,SAFProductionSite,site_KARNATAKA_36227,KARNATAKA,inv_204,51418.786817657594,1540.71,0.56666667,,,,,,,,,,,36470831.30189636,,,0
64,site_WEST_BENGAL_37524,64,2088,SAFProductionSite,site_WEST_BENGAL_37524,WEST_BENGAL,inv_204,46762.77925565247,1540.71,0.5497,,,,,,,,,,,33168371.69824174,,,0
65,site_ASSAM_34923,65,2089,SAFProductionSite,site_ASSAM_34923,ASSAM,inv_203,19393.306489087445,1615.71,0.2,,,,,,,,,,,12300980.372963272,,,0
65,site_UTTAR_PRADESH_34926,65,2089,SAFProductionSite,site_UTTAR_PRADESH_34926,UTTAR_PRADESH,inv_203,92786.08932241575,1525.71,1.0,,,,,,,,,,,67204036.63533251,,,0
65,site_MAHARASHTRA_34948,65,2089,SAFProductionSite,site_MAHARASHTRA_34948,MAHARASHTRA,inv_204,95398.40558442159,1570.71,1.0,,,,,,,,,,,64803182.929441735,,,0
65,site_UTTAR_PRADESH_35970,65,2089,SAFProductionSite,site_UTTAR_PRADESH_35970,UTTAR_PRADESH,inv_223,60593.846625082995,1525.71,0.65,,,,,,,,,,,43887517.17208135,,,0
65,site_TELANGANA_36160,65,2089,SAFProductionSite,site_TELANGANA_36160,TELANGANA,inv_204,55423.77712956431,1525.71,0.5698,,,,,,,,,,,40142887.537172124,,,0
65,site_KARNATAKA_36227,65,2089,SAFProductionSite,site_KARNATAKA_36227,KARNATAKA,inv_204,46324.32312186966,1540.71,0.56666667,,,,,,,,,,,32857379.14711093,,,0
65,site_WEST_BENGAL_37524,65,2089,SAFProductionSite,site_WEST_BENGAL_37524,WEST_BENGAL,inv_204,42550.634240145795,1540.71,0.5497,,,,,,,,,,,30180739.360193007,,,0
66,site_ASSAM_34923,66,2090,SAFProductionSite,site_ASSAM_34923,ASSAM,inv_203,17935.341563159647,1615.71,0.2,,,,,,,,,,,11376207.800096534,,,0
66,site_UTTAR_PRADESH_34926,66,2090,SAFProductionSite,site_UTTAR_PRADESH_34926,UTTAR_PRADESH,inv_203,77674.99109558002,1525.71,1.0,,,,,,,,,,,56259219.300617635,,,0
66,site_MAHARASHTRA_34948,66,2090,SAFProductionSite,site_MAHARASHTRA_34948,MAHARASHTRA,inv_204,96453.39794465587,1570.71,1.0,,,,,,,,,,,65519828.68982528,,,0
66,site_UTTAR_PRADESH_35970,66,2090,SAFProductionSite,site_UTTAR_PRADESH_35970,UTTAR_PRADESH,inv_223,49855.63923872075,1525.71,0.65,,,,,,,,,,,36109940.944213055,,,0
66,site_TELANGANA_36160,66,2090,SAFProductionSite,site_TELANGANA_36160,TELANGANA,inv_204,54564.35781818107,1525.71,0.5698,,,,,,,,,,,39520418.72413038,,,0
66,site_KARNATAKA_36227,66,2090,SAFProductionSite,site_KARNATAKA_36227,KARNATAKA,inv_204,48706.64929551934,1540.71,0.56666667,,,,,,,,,,,34547139.278818905,,,0
66,site_WEST_BENGAL_37524,66,2090,SAFProductionSite,site_WEST_BENGAL_37524,WEST_BENGAL,inv_204,42209.566735732835,1540.71,0.5497,,,,,,,,,,,29938823.58998795,,,0
67,site_ASSAM_34923,67,2091,SAFProductionSite,site_ASSAM_34923,ASSAM,inv_203,19231.58224373019,1615.71,0.2,,,,,,,,,,,12198400.301375624,,,0
67,site_UTTAR_PRADESH_34926,67,2091,SAFProductionSite,site_UTTAR_PRADESH_34926,UTTAR_PRADESH,inv_203,94186.42784515534,1525.71,1.0,,,,,,,,,,,68218287.82396756,,,0
67,site_MAHARASHTRA_34948,67,2091,SAFProductionSite,site_MAHARASHTRA_34948,MAHARASHTRA,inv_204,96887.62411012122,1570.71,1.0,,,,,,,,,,,65814794.181764245,,,0
67,site_UTTAR_PRADESH_35970,67,2091,SAFProductionSite,site_UTTAR_PRADESH_35970,UTTAR_PRADESH,inv_223,61480.801506489785,1525.71,0.65,,,,,,,,,,,44529929.723135486,,,0
67,site_TELANGANA_36160,67,2091,SAFProductionSite,site_TELANGANA_36160,TELANGANA,inv_204,55487.8306648257,1525.71,0.5698,,,,,,,,,,,40189280.87222661,,,0
67,site_KARNATAKA_36227,67,2091,SAFProductionSite,site_KARNATAKA_36227,KARNATAKA,inv_204,54225.32111380106,1540.71,0.56666667,,,,,,,,,,,38461478.01280795,,,0
67,site_WEST_BENGAL_37524,67,2091,SAFProductionSite,site_WEST_BENGAL_37524,WEST_BENGAL,inv_204,47455.12287345427,1540.71,0.5497,,,,,,,,,,,33659444.102912374,,,0
68,site_ASSAM_34923,68,2092,SAFProductionSite,site_ASSAM_34923,ASSAM,inv_203,19397.197176546953,1615.71,0.2,,,,,,,,,,,12303448.197111968,,,0
68,site_UTTAR_PRADESH_34926,68,2092,SAFProductionSite,site_UTTAR_PRADESH_34926,UTTAR_PRADESH,inv_203,97502.89092174944,1525.71,1.0,,,,,,,,,,,70620368.86571391,,,0
68,site_MAHARASHTRA_34948,68,2092,SAFProductionSite,site_MAHARASHTRA_34948,MAHARASHTRA,inv_204,95094.00034264557,1570.71,1.0,,,,,,,,,,,64596403.49275571,,,0
68,site_UTTAR_PRADESH_35970,68,2092,SAFProductionSite,site_UTTAR_PRADESH_35970,UTTAR_PRADESH,inv_223,63589.248770814986,1525.71,0.65,,,,,,,,,,,46057056.99221358,,,0
68,site_TELANGANA_36160,68,2092,SAFProductionSite,site_TELANGANA_36160,TELANGANA,inv_204,55221.453281712515,1525.71,0.5698,,,,,,,,,,,39996346.397411555,,,0
68,site_KARNATAKA_36227,68,2092,SAFProductionSite,site_KARNATAKA_36227,KARNATAKA,inv_204,55176.77824948037,1540.71,0.56666667,,,,,,,,,,,39136337.04457392,,,0
68,site_WEST_BENGAL_37524,68,2092,SAFProductionSite,site_WEST_BENGAL_37524,WEST_BENGAL,inv_204,53048.95876274726,1540.71,0.5497,,,,,,,,,,,37627095.960829005,,,0
69,site_ASSAM_34923,69,2093,SAFProductionSite,site_ASSAM_34923,ASSAM,inv_203,19454.209452205218,1615.71,0.2,,,,,,,,,,,12339610.51343925,,,0
69,site_UTTAR_PRADESH_34926,69,2093,SAFProductionSite,site_UTTAR_PRADESH_34926,UTTAR_PRADESH,inv_203,97621.39255789762,1525.71,1.0,,,,,,,,,,,70706198.41575965,,,0
69,site_MAHARASHTRA_34948,69,2093,SAFProductionSite,site_MAHARASHTRA_34948,MAHARASHTRA,inv_204,96972.49433354454,1570.71,1.0,,,,,,,,,,,65872445.67583346,,,0
69,site_UTTAR_PRADESH_35970,69,2093,SAFProductionSite,site_UTTAR_PRADESH_35970,UTTAR_PRADESH,inv_223,62396.57704260328,1525.71,0.65,,,,,,,,,,,45193216.78618713,,,0
69,site_TELANGANA_36160,69,2093,SAFProductionSite,site_TELANGANA_36160,TELANGANA,inv_204,55096.56142780861,1525.71,0.5698,,,,,,,,,,,39905888.476547495,,,0
69,site_KARNATAKA_36227,69,2093,SAFProductionSite,site_KARNATAKA_36227,KARNATAKA,inv_204,51124.121775927866,1540.71,0.56666667,,,,,,,,,,,36261828.33444787,,,0
69,site_WEST_BENGAL_37524,69,2093,SAFProductionSite,site_WEST_BENGAL_37524,WEST_BENGAL,inv_204,52537.50753551875,1540.71,0.5497,,,,,,,,,,,37264328.719868094,,,0
70,site_ASSAM_34923,70,2094,SAFProductionSite,site_ASSAM_34923,ASSAM,inv_203,19188.21005357729,1615.71,0.2,,,,,,,,,,,12170889.754883543,,,0
70,site_UTTAR_PRADESH_34926,70,2094,SAFProductionSite,site_UTTAR_PRADESH_34926,UTTAR_PRADESH,inv_203,95063.62181809449,1525.71,1.0,,,,,,,,,,,68853630.64662766,,,0
70,site_MAHARASHTRA_34948,70,2094,SAFProductionSite,site_MAHARASHTRA_34948,MAHARASHTRA,inv_204,95937.44934381612,1570.71,1.0,,,,,,,,,,,65169349.964760855,,,0
70,site_UTTAR_PRADESH_35970,70,2094,SAFProductionSite,site_UTTAR_PRADESH_35970,UTTAR_PRADESH,inv_223,60772.50396656753,1525.71,0.65,,,,,,,,,,,44016916.897945195,,,0
70,site_TELANGANA_36160,70,2094,SAFProductionSite,site_TELANGANA_36160,TELANGANA,inv_204,48820.69405529693,1525.71,0.5698,,,,,,,,,,,35360340.49731102,,,0
70,site_KARNATAKA_36227,70,2094,SAFProductionSite,site_KARNATAKA_36227,KARNATAKA,inv_204,53871.08694202104,1540.71,0.56666667,,,,,,,,,,,38210223.257106096,,,0
70,site_WEST_BENGAL_37524,70,2094,SAFProductionSite,site_WEST_BENGAL_37524,WEST_BENGAL,inv_204,48025.32511535388,1540.71,0.5497,,,,,,,,,,,34063882.85106935,,,0
71,site_ASSAM_34923,71,2095,SAFProductionSite,site_ASSAM_34923,ASSAM,inv_203,19486.92793724017,1615.71,0.2,,,,,,,,,,,12360363.521312065,,,0
71,site_UTTAR_PRADESH_34926,71,2095,SAFProductionSite,site_UTTAR_PRADESH_34926,UTTAR_PRADESH,inv_203,95259.41169188276,1525.71,1.0,,,,,,,,,,,68995439.29431376,,,0
71,site_MAHARASHTRA_34948,71,2095,SAFProductionSite,site_MAHARASHTRA_34948,MAHARASHTRA,inv_204,96826.38866912099,1570.71,1.0,,,,,,,,,,,65773197.55904721,,,0
71,site_UTTAR_PRADESH_35970,71,2095,SAFProductionSite,site_UTTAR_PRADESH_35970,UTTAR_PRADESH,inv_223,63161.49626739986,1525.71,0.65,,,,,,,,,,,45747240.13151504,,,0
71,site_TELANGANA_36160,71,2095,SAFProductionSite,site_TELANGANA_36160,TELANGANA,inv_204,55544.96997927262,1525.71,0.5698,,,,,,,,,,,40230666.30628736,,,0
71,site_KARNATAKA_36227,71,2095,SAFProductionSite,site_KARNATAKA_36227,KARNATAKA,inv_204,53586.98294274687,1540.71,0.56666667,,,,,,,,,,,38008711.13146092,,,0
71,site_WEST_BENGAL_37524,71,2095,SAFProductionSite,site_WEST_BENGAL_37524,WEST_BENGAL,inv_204,51968.54003812524,1540.71,0.5497,,,,,,,,,,,36860765.76364185,,,0
72,site_ASSAM_34923,72,2096,SAFProductionSite,site_ASSAM_34923,ASSAM,inv_203,19286.704782624125,1615.71,0.2,,,,,,,,,,,12233363.976570655,,,0
72,site_UTTAR_PRADESH_34926,72,2096,SAFProductionSite,site_UTTAR_PRADESH_34926,UTTAR_PRADESH,inv_203,96776.56318042129,1525.71,1.0,,,,,,,,,,,70094296.94594733,,,0
72,site_MAHARASHTRA_34948,72,2096,SAFProductionSite,site_MAHARASHTRA_34948,MAHARASHTRA,inv_204,96689.086952539,1570.71,1.0,,,,,,,,,,,65679929.87599021,,,0
72,site_UTTAR_PRADESH_35970,72,2096,SAFProductionSite,site_UTTAR_PRADESH_35970,UTTAR_PRADESH,inv_223,62819.83449959534,1525.71,0.65,,,,,,,,,,,45499777.92971191,,,0
72,site_TELANGANA_36160,72,2096,SAFProductionSite,site_TELANGANA_36160,TELANGANA,inv_204,54484.23025089616,1525.71,0.5698,,,,,,,,,,,39462383.128421575,,,0
72,site_KARNATAKA_36227,72,2096,SAFProductionSite,site_KARNATAKA_36227,KARNATAKA,inv_204,45889.65736372153,1540.71,0.56666667,,,,,,,,,,,32549075.071514048,,,0
72,site_WEST_BENGAL_37524,72,2096,SAFProductionSite,site_WEST_BENGAL_37524,WEST_BENGAL,inv_204,52765.30352333311,1540.71,0.5497,,,,,,,,,,,37425902.13606495,,,0
73,site_ASSAM_34923,73,2097,SAFProductionSite,site_ASSAM_34923,ASSAM,inv_203,16123.313502258068,1615.71,0.2,,,,,,,,,,,10226856.52134727,,,0
73,site_UTTAR_PRADESH_34926,73,2097,SAFProductionSite,site_UTTAR_PRADESH_34926,UTTAR_PRADESH,inv_203,96240.73364737384,1525.71,1.0,,,,,,,,,,,69706200.9734564,,,0
73,site_MAHARASHTRA_34948,73,2097,SAFProductionSite,site_MAHARASHTRA_34948,MAHARASHTRA,inv_204,97669.02314676938,1570.71,1.0,,,,,,,,,,,66345590.73336896,,,0
73,site_UTTAR_PRADESH_35970,73,2097,SAFProductionSite,site_UTTAR_PRADESH_35970,UTTAR_PRADESH,inv_223,62813.8930994891,1525.71,0.65,,,,,,,,,,,45495474.633028954,,,0
73,site_TELANGANA_36160,73,2097,SAFProductionSite,site_TELANGANA_36160,TELANGANA,inv_204,52063.44020743071,1525.71,0.5698,,,,,,,,,,,37709029.10783998,,,0
73,site_KARNATAKA_36227,73,2097,SAFProductionSite,site_KARNATAKA_36227,KARNATAKA,inv_204,48335.02295265858,1540.71,0.56666667,,,,,,,,,,,34283548.43009121,,,0
73,site_WEST_BENGAL_37524,73,2097,SAFProductionSite,site_WEST_BENGAL_37524,WEST_BENGAL,inv_204,52224.445388873166,1540.71,0.5497,,,,,,,,,,,37042276.86987385,,,0
74,site_ASSAM_34923,74,2098,SAFProductionSite,site_ASSAM_34923,ASSAM,inv_203,19349.30026950208,1615.71,0.2,,,,,,,,,,,12273067.667942476,,,0
74,site_UTTAR_PRADESH_34926,74,2098,SAFProductionSite,site_UTTAR_PRADESH_34926,UTTAR_PRADESH,inv_203,89404.27431405774,1525.71,1.0,,,,,,,,,,,64754621.84292887,,,0
74,site_MAHARASHTRA_34948,74,2098,SAFProductionSite,site_MAHARASHTRA_34948,MAHARASHTRA,inv_204,96460.65730524035,1570.71,1.0,,,,,,,,,,,65524759.9008767,,,0
74,site_UTTAR_PRADESH_35970,74,2098,SAFProductionSite,site_UTTAR_PRADESH_35970,UTTAR_PRADESH,inv_223,58326.36682953594,1525.71,0.65,,,,,,,,,,,42245204.230964586,,,0
74,site_TELANGANA_36160,74,2098,SAFProductionSite,site_TELANGANA_36160,TELANGANA,inv_204,47745.40384047412,1525.71,0.5698,,,,,,,,,,,34581518.547616996,,,0
74,site_KARNATAKA_36227,74,2098,SAFProductionSite,site_KARNATAKA_36227,KARNATAKA,inv_204,54787.91819925102,1540.71,0.56666667,,,,,,,,,,,38860522.49954675,,,0
74,site_WEST_BENGAL_37524,74,2098,SAFProductionSite,site_WEST_BENGAL_37524,WEST_BENGAL,inv_204,43804.307996843076,1540.71,0.5497,,,,,,,,,,,31069957.619080827,,,0
75,site_ASSAM_34923,75,2099,SAFProductionSite,site_ASSAM_34923,ASSAM,inv_203,19523.754220325052,1615.71,0.2,,,,,,,,,,,12383722.064409979,,,0
75,site_UTTAR_PRADESH_34926,75,2099,SAFProductionSite,site_UTTAR_PRADESH_34926,UTTAR_PRADESH,inv_203,97175.51996950427,1525.71,1.0,,,,,,,,,,,70383257.35871224,,,0
75,site_MAHARASHTRA_34948,75,2099,SAFProductionSite,site_MAHARASHTRA_34948,MAHARASHTRA,inv_204,95544.36041263856,1570.71,1.0,,,,,,,,,,,64902328.58470124,,,0
75,site_UTTAR_PRADESH_35970,75,2099,SAFProductionSite,site_UTTAR_PRADESH_35970,UTTAR_PRADESH,inv_223,62382.39967478814,1525.71,0.65,,,,,,,,,,,45182948.2604523,,,0
75,site_TELANGANA_36160,75,2099,SAFProductionSite,site_TELANGANA_36160,TELANGANA,inv_204,49533.78572030303,1525.71,0.5698,,,,,,,,,,,35876825.65935828,,,0
75,site_KARNATAKA_36227,75,2099,SAFProductionSite,site_KARNATAKA_36227,KARNATAKA,inv_204,55262.51016062742,1540.71,0.56666667,,,,,,,,,,,39197145.83183141,,,0
75,site_WEST_BENGAL_37524,75,2099,SAFProductionSite,site_WEST_BENGAL_37524,WEST_BENGAL,inv_204,44401.45506435968,1540.71,0.5497,,,,,,,,,,,31493508.062599674,,,0
76,site_ASSAM_34923,76,2100,SAFProductionSite,site_ASSAM_34923,ASSAM,inv_203,16519.482830758003,1615.71,0.2,,,,,,,,,,,10478142.764721494,,,0
76,site_UTTAR_PRADESH_34926,76,2100,SAFProductionSite,site_UTTAR_PRADESH_34926,UTTAR_PRADESH,inv_203,82496.26417896785,1525.71,1.0,,,,,,,,,,,59751219.18218462,,,0
76,site_MAHARASHTRA_34948,76,2100,SAFProductionSite,site_MAHARASHTRA_34948,MAHARASHTRA,inv_204,95284.35842638573,1570.71,1.0,,,,,,,,,,,64725711.83545956,,,0
76,site_UTTAR_PRADESH_35970,76,2100,SAFProductionSite,site_UTTAR_PRADESH_35970,UTTAR_PRADESH,inv_223,52734.83230693974,1525.71,0.65,,,,,,,,,,,38195311.69159338,,,0
76,site_TELANGANA_36160,76,2100,SAFProductionSite,site_TELANGANA_36160,TELANGANA,inv_204,47181.534135189606,1525.71,0.5698,,,,,,,,,,,34173113.35877648,,,0
76,site_KARNATAKA_36227,76,2100,SAFProductionSite,site_KARNATAKA_36227,KARNATAKA,inv_204,55390.00756012204,1540.71,0.56666667,,,,,,,,,,,39287578.46231896,,,0
76,site_WEST_BENGAL_37524,76,2100,SAFProductionSite,site_WEST_BENGAL_37524,WEST_BENGAL,inv_204,53784.50166180327,1540.71,0.5497,,,,,,,,,,,38148809.18370044,,,0
77,site_ASSAM_34923,77,2101,SAFProductionSite,site_ASSAM_34923,ASSAM,inv_203,16611.208011007777,1615.71,0.2,,,,,,,,,,,10536323.129302122,,,0
77,site_UTTAR_PRADESH_34926,77,2101,SAFProductionSite,site_UTTAR_PRADESH_34926,UTTAR_PRADESH,inv_203,97726.60080783078,1525.71,1.0,,,,,,,,,,,70782399.69910376,,,0
77,site_MAHARASHTRA_34948,77,2101,SAFProductionSite,site_MAHARASHTRA_34948,MAHARASHTRA,inv_204,97509.03847652576,1570.71,1.0,,,,,,,,,,,66236914.7467192,,,0
77,site_UTTAR_PRADESH_35970,77,2101,SAFProductionSite,site_UTTAR_PRADESH_35970,UTTAR_PRADESH,inv_223,63162.99573565391,1525.71,0.65,,,,,,,,,,,45748326.18137677,,,0
77,site_TELANGANA_36160,77,2101,SAFProductionSite,site_TELANGANA_36160,TELANGANA,inv_204,55738.11088991834,1525.71,0.5698,,,,,,,,,,,40370556.33645895,,,0
77,site_KARNATAKA_36227,77,2101,SAFProductionSite,site_KARNATAKA_36227,KARNATAKA,inv_204,55153.16184225782,1540.71,0.56666667,,,,,,,,,,,39119586.16309506,,,0
77,site_WEST_BENGAL_37524,77,2101,SAFProductionSite,site_WEST_BENGAL_37524,WEST_BENGAL,inv_204,43763.08323796017,1540.71,0.5497,,,,,,,,,,,31040717.309852764,,,0
78,site_ASSAM_34923,78,2102,SAFProductionSite,site_ASSAM_34923,ASSAM,inv_203,17518.65988797391,1615.71,0.2,,,,,,,,,,,11111910.780342974,,,0
78,site_UTTAR_PRADESH_34926,78,2102,SAFProductionSite,site_UTTAR_PRADESH_34926,UTTAR_PRADESH,inv_203,89685.36704549356,1525.71,1.0,,,,,,,,,,,64958214.497380525,,,0
78,site_MAHARASHTRA_34948,78,2102,SAFProductionSite,site_MAHARASHTRA_34948,MAHARASHTRA,inv_204,95641.29183191457,1570.71,1.0,,,,,,,,,,,64968173.12850125,,,0
78,site_UTTAR_PRADESH_35970,78,2102,SAFProductionSite,site_UTTAR_PRADESH_35970,UTTAR_PRADESH,inv_223,59077.21220687304,1525.71,0.65,,,,,,,,,,,42789034.02931607,,,0
78,site_TELANGANA_36160,78,2102,SAFProductionSite,site_TELANGANA_36160,TELANGANA,inv_204,53215.29044426082,1525.71,0.5698,,,,,,,,,,,38543302.71587367,,,0
78,site_KARNATAKA_36227,78,2102,SAFProductionSite,site_KARNATAKA_36227,KARNATAKA,inv_204,54046.3673924191,1540.71,0.56666667,,,,,,,,,,,38334547.92776893,,,0
78,site_WEST_BENGAL_37524,78,2102,SAFProductionSite,site_WEST_BENGAL_37524,WEST_BENGAL,inv_204,53597.25330900971,1540.71,0.5497,,,,,,,,,,,38015995.79954751,,,0
79,site_ASSAM_34923,79,2103,SAFProductionSite,site_ASSAM_34923,ASSAM,inv_203,19372.75890625035,1615.71,0.2,,,,,,,,,,,12287947.246645533,,,0
79,site_UTTAR_PRADESH_34926,79,2103,SAFProductionSite,site_UTTAR_PRADESH_34926,UTTAR_PRADESH,inv_203,95666.37470673567,1525.71,1.0,,,,,,,,,,,69290198.53634158,,,0
79,site_MAHARASHTRA_34948,79,2103,SAFProductionSite,site_MAHARASHTRA_34948,MAHARASHTRA,inv_204,97705.38965031641,1570.71,1.0,,,,,,,,,,,66370294.13556343,,,0
79,site_UTTAR_PRADESH_35970,79,2103,SAFProductionSite,site_UTTAR_PRADESH_35970,UTTAR_PRADESH,inv_223,62492.03777536743,1525.71,0.65,,,,,,,,,,,45262358.04032087,,,0
79,site_TELANGANA_36160,79,2103,SAFProductionSite,site_TELANGANA_36160,TELANGANA,inv_204,54547.237939886414,1525.71,0.5698,,,,,,,,,,,39508018.96748033,,,0
79,site_KARNATAKA_36227,79,2103,SAFProductionSite,site_KARNATAKA_36227,KARNATAKA,inv_204,55318.00613174824,1540.71,0.56666667,,,,,,,,,,,39236508.5691877,,,0
79,site_WEST_BENGAL_37524,79,2103,SAFProductionSite,site_WEST_BENGAL_37524,WEST_BENGAL,inv_204,44230.43965154356,1540.71,0.5497,,,,,,,,,,,31372208.54044333,,,0
80,site_ASSAM_34923,80,2104,SAFProductionSite,site_ASSAM_34923,ASSAM,inv_203,16755.497539778655,1615.71,0.2,,,,,,,,,,,10627844.534506202,,,0
80,site_UTTAR_PRADESH_34926,80,2104,SAFProductionSite,site_UTTAR_PRADESH_34926,UTTAR_PRADESH,inv_203,95709.63802373987,1525.71,1.0,,,,,,,,,,,69321533.72421455,,,0
80,site_MAHARASHTRA_34948,80,2104,SAFProductionSite,site_MAHARASHTRA_34948,MAHARASHTRA,inv_204,97457.29123631064,1570.71,1.0,,,,,,,,,,,66201763.36391346,,,0
80,site_UTTAR_PRADESH_35970,80,2104,SAFProductionSite,site_UTTAR_PRADESH_35970,UTTAR_PRADESH,inv_223,63141.655063345155,1525.71,0.65,,,,,,,,,,,45732869.34583026,,,0
80,site_TELANGANA_36160,80,2104,SAFProductionSite,site_TELANGANA_36160,TELANGANA,inv_204,52407.11961128994,1525.71,0.5698,,,,,,,,,,,37957952.66326119,,,0
80,site_KARNATAKA_36227,80,2104,SAFProductionSite,site_KARNATAKA_36227,KARNATAKA,inv_204,54732.66105394028,1540.71,0.56666667,,,,,,,,,,,38821329.1589493,,,0
80,site_WEST_BENGAL_37524,80,2104,SAFProductionSite,site_WEST_BENGAL_37524,WEST_BENGAL,inv_204,52437.4430855961,1540.71,0.5497,,,,,,,,,,,37193354.00618246,,,0
81,site_ASSAM_34923,81,2105,SAFProductionSite,site_ASSAM_34923,ASSAM,inv_203,19002.170051856443,1615.71,0.2,,,,,,,,,,,12052886.442192022,,,0
81,site_UTTAR_PRADESH_34926,81,2105,SAFProductionSite,site_UTTAR_PRADESH_34926,UTTAR_PRADESH,inv_203,96668.6537850866,1525.71,1.0,,,,,,,,,,,70016139.25000037,,,0
81,site_MAHARASHTRA_34948,81,2105,SAFProductionSite,site_MAHARASHTRA_34948,MAHARASHTRA,inv_204,97294.20492576873,1570.71,1.0,,,,,,,,,,,66090980.46402544,,,0
81,site_UTTAR_PRADESH_35970,81,2105,SAFProductionSite,site_UTTAR_PRADESH_35970,UTTAR_PRADESH,inv_223,62137.08979111945,1525.71,0.65,,,,,,,,,,,45005272.76480991,,,0
81,site_TELANGANA_36160,81,2105,SAFProductionSite,site_TELANGANA_36160,TELANGANA,inv_204,46047.243613231425,1525.71,0.5698,,,,,,,,,,,33351558.076627396,,,0
81,site_KARNATAKA_36227,81,2105,SAFProductionSite,site_KARNATAKA_36227,KARNATAKA,inv_204,54198.54688841265,1540.71,0.56666667,,,,,,,,,,,38442487.32248221,,,0
81,site_WEST_BENGAL_37524,81,2105,SAFProductionSite,site_WEST_BENGAL_37524,WEST_BENGAL,inv_204,48313.9166491017,1540.71,0.5497,,,,,,,,,,,34268577.94004135,,,0
82,site_ASSAM_34923,82,2106,SAFProductionSite,site_ASSAM_34923,ASSAM,inv_203,16831.702844014246,1615.71,0.2,,,,,,,,,,,10676180.796929795,,,0
82,site_UTTAR_PRADESH_34926,82,2106,SAFProductionSite,site_UTTAR_PRADESH_34926,UTTAR_PRADESH,inv_203,85448.94696046339,1525.71,1.0,,,,,,,,,,,61889817.793994024,,,0
82,site_MAHARASHTRA_34948,82,2106,SAFProductionSite,site_MAHARASHTRA_34948,MAHARASHTRA,inv_204,97430.69171900887,1570.71,1.0,,,,,,,,,,,66183694.57780555,,,0
82,site_UTTAR_PRADESH_35970,82,2106,SAFProductionSite,site_UTTAR_PRADESH_35970,UTTAR_PRADESH,inv_223,57192.94914300584,1525.71,0.65,,,,,,,,,,,41424281.13478769,,,0
82,site_TELANGANA_36160,82,2106,SAFProductionSite,site_TELANGANA_36160,TELANGANA,inv_204,45040.78826733382,1525.71,0.5698,,,,,,,,,,,32622592.534147218,,,0
82,site_KARNATAKA_36227,82,2106,SAFProductionSite,site_KARNATAKA_36227,KARNATAKA,inv_204,48179.62008821319,1540.71,0.56666667,,,,,,,,,,,34173322.73236874,,,0
82,site_WEST_BENGAL_37524,82,2106,SAFProductionSite,site_WEST_BENGAL_37524,WEST_BENGAL,inv_204,52591.2151165869,1540.71,0.5497,,,,,,,,,,,37302422.97004393,,,0
83,site_ASSAM_34923,83,2107,SAFProductionSite,site_ASSAM_34923,ASSAM,inv_203,19077.515111062978,1615.71,0.2,,,,,,,,,,,12100677.059796136,,,0
83,site_UTTAR_PRADESH_34926,83,2107,SAFProductionSite,site_UTTAR_PRADESH_34926,UTTAR_PRADESH,inv_203,85377.29366962943,1525.71,1.0,,,,,,,,,,,61837920.03197591,,,0
83,site_MAHARASHTRA_34948,83,2107,SAFProductionSite,site_MAHARASHTRA_34948,MAHARASHTRA,inv_204,95781.29755736014,1570.71,1.0,,,,,,,,,,,65063277.61773917,,,0
83,site_UTTAR_PRADESH_35970,83,2107,SAFProductionSite,site_UTTAR_PRADESH_35970,UTTAR_PRADESH,inv_223,54443.00981902363,1525.71,0.65,,,,,,,,,,,39432527.58182062,,,0
83,site_TELANGANA_36160,83,2107,SAFProductionSite,site_TELANGANA_36160,TELANGANA,inv_204,52886.22313210069,1525.71,0.5698,,,,,,,,,,,38304962.55234921,,,0
83,site_KARNATAKA_36227,83,2107,SAFProductionSite,site_KARNATAKA_36227,KARNATAKA,inv_204,49774.85125539581,1540.71,0.56666667,,,,,,,,,,,35304804.2469397,,,0
83,site_WEST_BENGAL_37524,83,2107,SAFProductionSite,site_WEST_BENGAL_37524,WEST_BENGAL,inv_204,53469.07626651275,1540.71,0.5497,,,,,,,,,,,37925081.10507482,,,0
84,site_ASSAM_34923,84,2108,SAFProductionSite,site_ASSAM_34923,ASSAM,inv_203,19237.192477934,1615.71,0.2,,,,,,,,,,,12201958.816828754,,,0
84,site_UTTAR_PRADESH_34926,84,2108,SAFProductionSite,site_UTTAR_PRADESH_34926,UTTAR_PRADESH,inv_203,82619.98553522197,1525.71,1.0,,,,,,,,,,,59840829.323305935,,,0
84,site_MAHARASHTRA_34948,84,2108,SAFProductionSite,site_MAHARASHTRA_34948,MAHARASHTRA,inv_204,95195.64421071559,1570.71,1.0,,,,,,,,,,,64665449.15589699,,,0
84,site_UTTAR_PRADESH_35970,84,2108,SAFProductionSite,site_UTTAR_PRADESH_35970,UTTAR_PRADESH,inv_223,53555.006685999666,1525.71,0.65,,,,,,,,,,,38789355.7926027,,,0
84,site_TELANGANA_36160,84,2108,SAFProductionSite,site_TELANGANA_36160,TELANGANA,inv_204,47825.6011679518,1525.71,0.5698,,,,,,,,,,,34639604.66993581,,,0
84,site_KARNATAKA_36227,84,2108,SAFProductionSite,site_KARNATAKA_36227,KARNATAKA,inv_204,44655.83488279146,1540.71,0.56666667,,,,,,,,,,,31673937.124015152,,,0
84,site_WEST_BENGAL_37524,84,2108,SAFProductionSite,site_WEST_BENGAL_37524,WEST_BENGAL,inv_204,52438.149431478756,1540.71,0.5497,,,,,,,,,,,37193855.01025356,,,0
85,site_ASSAM_34923,85,2109,SAFProductionSite,site_ASSAM_34923,ASSAM,inv_203,16089.34375014887,1615.71,0.2,,,,,,,,,,,10205309.847281925,,,0
85,site_UTTAR_PRADESH_34926,85,2109,SAFProductionSite,site_UTTAR_PRADESH_34926,UTTAR_PRADESH,inv_203,96411.63567276641,1525.71,1.0,,,,,,,,,,,69829983.60142796,,,0
85,site_MAHARASHTRA_34948,85,2109,SAFProductionSite,site_MAHARASHTRA_34948,MAHARASHTRA,inv_204,96733.20425799911,1570.71,1.0,,,,,,,,,,,65709898.32041621,,,0
85,site_UTTAR_PRADESH_35970,85,2109,SAFProductionSite,site_UTTAR_PRADESH_35970,UTTAR_PRADESH,inv_223,62517.011957592855,1525.71,0.65,,,,,,,,,,,45280446.590764925,,,0
85,site_TELANGANA_36160,85,2109,SAFProductionSite,site_TELANGANA_36160,TELANGANA,inv_204,46020.38677906289,1525.71,0.5698,,,,,,,,,,,33332105.94020746,,,0
85,site_KARNATAKA_36227,85,2109,SAFProductionSite,site_KARNATAKA_36227,KARNATAKA,inv_204,47618.46140556891,1540.71,0.56666667,,,,,,,,,,,33775298.490355976,,,0
85,site_WEST_BENGAL_37524,85,2109,SAFProductionSite,site_WEST_BENGAL_37524,WEST_BENGAL,inv_204,53729.21533506969,1540.71,0.5497,,,,,,,,,,,38109595.145011574,,,0
86,site_ASSAM_34923,86,2110,SAFProductionSite,site_ASSAM_34923,ASSAM,inv_203,19030.941626476146,1615.71,0.2,,,,,,,,,,,12071135.964257553,,,0
86,site_UTTAR_PRADESH_34926,86,2110,SAFProductionSite,site_UTTAR_PRADESH_34926,UTTAR_PRADESH,inv_203,88890.94228128903,1525.71,1.0,,,,,,,,,,,64382820.58491482,,,0
86,site_MAHARASHTRA_34948,86,2110,SAFProductionSite,site_MAHARASHTRA_34948,MAHARASHTRA,inv_204,95627.07402696549,1570.71,1.0,,,,,,,,,,,64958515.1157774,,,0
86,site_UTTAR_PRADESH_35970,86,2110,SAFProductionSite,site_UTTAR_PRADESH_35970,UTTAR_PRADESH,inv_223,56365.3474834995,1525.71,0.65,,,,,,,,,,,40824857.52882385,,,0
86,site_TELANGANA_36160,86,2110,SAFProductionSite,site_TELANGANA_36160,TELANGANA,inv_204,53559.360195664085,1525.71,0.5698,,,,,,,,,,,38792508.99611753,,,0
86,site_KARNATAKA_36227,86,2110,SAFProductionSite,site_KARNATAKA_36227,KARNATAKA,inv_204,51848.50926703668,1540.71,0.56666667,,,,,,,,,,,36775629.13801644,,,0
86,site_WEST_BENGAL_37524,86,2110,SAFProductionSite,site_WEST_BENGAL_37524,WEST_BENGAL,inv_204,46796.513358173725,1540.71,0.5497,,,,,,,,,,,33192298.95981905,,,0
87,site_ASSAM_34923,87,2111,SAFProductionSite,site_ASSAM_34923,ASSAM,inv_203,17527.81943851499,1615.71,0.2,,,,,,,,,,,11117720.591655675,,,0
87,site_UTTAR_PRADESH_34926,87,2111,SAFProductionSite,site_UTTAR_PRADESH_34926,UTTAR_PRADESH,inv_203,97861.98734110405,1525.71,1.0,,,,,,,,,,,70880458.81128824,,,0
87,site_MAHARASHTRA_34948,87,2111,SAFProductionSite,site_MAHARASHTRA_34948,MAHARASHTRA,inv_204,96453.42366928619,1570.71,1.0,,,,,,,,,,,65519846.16430941,,,0
87,site_UTTAR_PRADESH_35970,87,2111,SAFProductionSite,site_UTTAR_PRADESH_35970,UTTAR_PRADESH,inv_223,62094.84910017805,1525.71,0.65,,,,,,,,,,,44974678.254767954,,,0
87,site_TELANGANA_36160,87,2111,SAFProductionSite,site_TELANGANA_36160,TELANGANA,inv_204,48805.6173998375,1525.71,0.5698,,,,,,,,,,,35349420.6265283,,,0
87,site_KARNATAKA_36227,87,2111,SAFProductionSite,site_KARNATAKA_36227,KARNATAKA,inv_204,46333.39360829729,1540.71,0.56666667,,,,,,,,,,,32863812.752429187,,,0
87,site_WEST_BENGAL_37524,87,2111,SAFProductionSite,site_WEST_BENGAL_37524,WEST_BENGAL,inv_204,53096.817433691314,1540.71,0.5497,,,,,,,,,,,37661041.63754292,,,0
88,site_ASSAM_34923,88,2112,SAFProductionSite,site_ASSAM_34923,ASSAM,inv_203,18395.089904677345,1615.71,0.2,,,,,,,,,,,11667821.575637795,,,0
88,site_UTTAR_PRADESH_34926,88,2112,SAFProductionSite,site_UTTAR_PRADESH_34926,UTTAR_PRADESH,inv_203,97653.24280237604,1525.71,1.0,,,,,,,,,,,70729267.22933295,,,0
88,site_MAHARASHTRA_34948,88,2112,SAFProductionSite,site_MAHARASHTRA_34948,MAHARASHTRA,inv_204,95372.54585917234,1570.71,1.0,,,,,,,,,,,64785616.67667718,,,0
88,site_UTTAR_PRADESH_35970,88,2112,SAFProductionSite,site_UTTAR_PRADESH_35970,UTTAR_PRADESH,inv_223,62369.65202231645,1525.71,0.65,,,,,,,,,,,45173715.263243586,,,0
88,site_TELANGANA_36160,88,2112,SAFProductionSite,site_TELANGANA_36160,TELANGANA,inv_204,50668.99342345846,1525.71,0.5698,,,,,,,,,,,36699045.24667672,,,0
88,site_KARNATAKA_36227,88,2112,SAFProductionSite,site_KARNATAKA_36227,KARNATAKA,inv_204,54832.300391203855,1540.71,0.56666667,,,,,,,,,,,38892002.34447698,,,0
88,site_WEST_BENGAL_37524,88,2112,SAFProductionSite,site_WEST_BENGAL_37524,WEST_BENGAL,inv_204,53468.09497500261,1540.71,0.5497,,,,,,,,,,,37924385.0848196,,,0
89,site_ASSAM_34923,89,2113,SAFProductionSite,site_ASSAM_34923,ASSAM,inv_203,19232.76600309709,1615.71,0.2,,,,,,,,,,,12199151.148104452,,,0
89,site_UTTAR_PRADESH_34926,89,2113,SAFProductionSite,site_UTTAR_PRADESH_34926,UTTAR_PRADESH,inv_203,97163.53910519944,1525.71,1.0,,,,,,,,,,,70374579.7385049,,,0
89,site_MAHARASHTRA_34948,89,2113,SAFProductionSite,site_MAHARASHTRA_34948,MAHARASHTRA,inv_204,97285.9515904956,1570.71,1.0,,,,,,,,,,,66085374.05590774,,,0
89,site_UTTAR_PRADESH_35970,89,2113,SAFProductionSite,site_UTTAR_PRADESH_35970,UTTAR_PRADESH,inv_223,63014.24718191349,1525.71,0.65,,,,,,,,,,,45640589.09138812,,,0
89,site_TELANGANA_36160,89,2113,SAFProductionSite,site_TELANGANA_36160,TELANGANA,inv_204,44474.04270950704,1525.71,0.5698,,,,,,,,,,,32212104.394068852,,,0
89,site_KARNATAKA_36227,89,2113,SAFProductionSite,site_KARNATAKA_36227,KARNATAKA,inv_204,55411.20529037288,1540.71,0.56666667,,,,,,,,,,,39302613.80040859,,,0
89,site_WEST_BENGAL_37524,89,2113,SAFProductionSite,site_WEST_BENGAL_37524,WEST_BENGAL,inv_204,43243.3538858429,1540.71,0.5497,,,,,,,,,,,30672078.477689512,,,0
90,site_ASSAM_34923,90,2114,SAFProductionSite,site_ASSAM_34923,ASSAM,inv_203,19409.05340577062,1615.71,0.2,,,,,,,,,,,12310968.484746248,,,0
90,site_UTTAR_PRADESH_34926,90,2114,SAFProductionSite,site_UTTAR_PRADESH_34926,UTTAR_PRADESH,inv_203,83898.94011050987,1525.71,1.0,,,,,,,,,,,60767163.3326412,,,0
90,site_MAHARASHTRA_34948,90,2114,SAFProductionSite,site_MAHARASHTRA_34948,MAHARASHTRA,inv_204,96127.28530531151,1570.71,1.0,,,,,,,,,,,65298303.63504507,,,0
90,site_UTTAR_PRADESH_35970,90,2114,SAFProductionSite,site_UTTAR_PRADESH_35970,UTTAR_PRADESH,inv_223,53828.55852600299,1525.71,0.65,,,,,,,,,,,38987486.6547987,,,0
90,site_TELANGANA_36160,90,2114,SAFProductionSite,site_TELANGANA_36160,TELANGANA,inv_204,53947.83360432709,1525.71,0.5698,,,,,,,,,,,39073876.40127806,,,0
90,site_KARNATAKA_36227,90,2114,SAFProductionSite,site_KARNATAKA_36227,KARNATAKA,inv_204,47563.99638314161,1540.71,0.56666667,,,,,,,,,,,33736666.99459851,,,0
90,site_WEST_BENGAL_37524,90,2114,SAFProductionSite,site_WEST_BENGAL_37524,WEST_BENGAL,inv_204,52644.18369051542,1540.71,0.5497,,,,,,,,,,,37339993.04984568,,,0
91,site_ASSAM_34923,91,2115,SAFProductionSite,site_ASSAM_34923,ASSAM,inv_203,19022.482524808172,1615.71,0.2,,,,,,,,,,,12065770.440660574,,,0
91,site_UTTAR_PRADESH_34926,91,2115,SAFProductionSite,site_UTTAR_PRADESH_34926,UTTAR_PRADESH,inv_203,96383.05100119028,1525.71,1.0,,,,,,,,,,,69809280.0096521,,,0
91,site_MAHARASHTRA_34948,91,2115,SAFProductionSite,site_MAHARASHTRA_34948,MAHARASHTRA,inv_204,97625.23530997934,1570.71,1.0,,,,,,,,,,,66315846.09371585,,,0
91,site_UTTAR_PRADESH_35970,91,2115,SAFProductionSite,site_UTTAR_PRADESH_35970,UTTAR_PRADESH,inv_223,63509.80432779152,1525.71,0.65,,,,,,,,,,,45999516.17657612,,,0
91,site_TELANGANA_36160,91,2115,SAFProductionSite,site_TELANGANA_36160,TELANGANA,inv_204,55232.51239726423,1525.71,0.5698,,,,,,,,,,,40004356.40421452,,,0
91,site_KARNATAKA_36227,91,2115,SAFProductionSite,site_KARNATAKA_36227,KARNATAKA,inv_204,52671.190307318226,1540.71,0.56666667,,,,,,,,,,,37359148.57307774,,,0
91,site_WEST_BENGAL_37524,91,2115,SAFProductionSite,site_WEST_BENGAL_37524,WEST_BENGAL,inv_204,52589.74871884415,1540.71,0.5497,,,,,,,,,,,37301382.86878897,,,0
92,site_ASSAM_34923,92,2116,SAFProductionSite,site_ASSAM_34923,ASSAM,inv_203,19089.05197964241,1615.71,0.2,,,,,,,,,,,12107994.780167386,,,0
92,site_UTTAR_PRADESH_34926,92,2116,SAFProductionSite,site_UTTAR_PRADESH_34926,UTTAR_PRADESH,inv_203,96331.9332027281,1525.71,1.0,,,,,,,,,,,69772255.89940394,,,0
92,site_MAHARASHTRA_34948,92,2116,SAFProductionSite,site_MAHARASHTRA_34948,MAHARASHTRA,inv_204,95305.64560722481,1570.71,1.0,,,,,,,,,,,64740172.004531726,,,0
92,site_UTTAR_PRADESH_35970,92,2116,SAFProductionSite,site_UTTAR_PRADESH_35970,UTTAR_PRADESH,inv_223,63323.69986829169,1525.71,0.65,,,,,,,,,,,45864722.577604994,,,0
92,site_TELANGANA_36160,92,2116,SAFProductionSite,site_TELANGANA_36160,TELANGANA,inv_204,54511.294089193885,1525.71,0.5698,,,,,,,,,,,39481985.19586225,,,0
92,site_KARNATAKA_36227,92,2116,SAFProductionSite,site_KARNATAKA_36227,KARNATAKA,inv_204,54302.3250910285,1540.71,0.56666667,,,,,,,,,,,38516096.1638156,,,0
92,site_WEST_BENGAL_37524,92,2116,SAFProductionSite,site_WEST_BENGAL_37524,WEST_BENGAL,inv_204,48990.27947169839,1540.71,0.5497,,,,,,,,,,,34748315.32648095,,,0
93,site_ASSAM_34923,93,2117,SAFProductionSite,site_ASSAM_34923,ASSAM,inv_203,17348.509105635974,1615.71,0.2,,,,,,,,,,,11003985.840613842,,,0
93,site_UTTAR_PRADESH_34926,93,2117,SAFProductionSite,site_UTTAR_PRADESH_34926,UTTAR_PRADESH,inv_203,79490.70924446092,1525.71,1.0,,,,,,,,,,,57574325.79867059,,,0
93,site_MAHARASHTRA_34948,93,2117,SAFProductionSite,site_MAHARASHTRA_34948,MAHARASHTRA,inv_204,95014.32533027665,1570.71,1.0,,,,,,,,,,,64542281.05360362,,,0
93,site_UTTAR_PRADESH_35970,93,2117,SAFProductionSite,site_UTTAR_PRADESH_35970,UTTAR_PRADESH,inv_223,52198.40056540015,1525.71,0.65,,,,,,,,,,,37806779.545513675,,,0
93,site_TELANGANA_36160,93,2117,SAFProductionSite,site_TELANGANA_36160,TELANGANA,inv_204,54655.9491479584,1525.71,0.5698,,,,,,,,,,,39586757.4083748,,,0
93,site_KARNATAKA_36227,93,2117,SAFProductionSite,site_KARNATAKA_36227,KARNATAKA,inv_204,54308.377686481,1540.71,0.56666667,,,,,,,,,,,38520389.2092441,,,0
93,site_WEST_BENGAL_37524,93,2117,SAFProductionSite,site_WEST_BENGAL_37524,WEST_BENGAL,inv_204,53845.1688713001,1540.71,0.5497,,,,,,,,,,,38191839.828724444,,,0
94,site_ASSAM_34923,94,2118,SAFProductionSite,site_ASSAM_34923,ASSAM,inv_203,16599.72818362466,1615.71,0.2,,,,,,,,,,,10529041.589591283,,,0
94,site_UTTAR_PRADESH_34926,94,2118,SAFProductionSite,site_UTTAR_PRADESH_34926,UTTAR_PRADESH,inv_203,95293.18367006298,1525.71,1.0,,,,,,,,,,,69019900.0003899,,,0
94,site_MAHARASHTRA_34948,94,2118,SAFProductionSite,site_MAHARASHTRA_34948,MAHARASHTRA,inv_204,95315.7480320785,1570.71,1.0,,,,,,,,,,,64747034.48071058,,,0
94,site_UTTAR_PRADESH_35970,94,2118,SAFProductionSite,site_UTTAR_PRADESH_35970,UTTAR_PRADESH,inv_223,63634.44514581947,1525.71,0.65,,,,,,,,,,,46089792.27466558,,,0
94,site_TELANGANA_36160,94,2118,SAFProductionSite,site_TELANGANA_36160,TELANGANA,inv_204,55123.776603683975,1525.71,0.5698,,,,,,,,,,,39925600.156282276,,,0
94,site_KARNATAKA_36227,94,2118,SAFProductionSite,site_KARNATAKA_36227,KARNATAKA,inv_204,53935.5583293805,1540.71,0.56666667,,,,,,,,,,,38255952.1674463,,,0
94,site_WEST_BENGAL_37524,94,2118,SAFProductionSite,site_WEST_BENGAL_37524,WEST_BENGAL,inv_204,52302.355256886396,1540.71,0.5497,,,,,,,,,,,37097537.56015694,,,0
95,site_ASSAM_34923,95,2119,SAFProductionSite,site_ASSAM_34923,ASSAM,inv_203,19201.075439157168,1615.71,0.2,,,,,,,,,,,12179050.140303,,,0
95,site_UTTAR_PRADESH_34926,95,2119,SAFProductionSite,site_UTTAR_PRADESH_34926,UTTAR_PRADESH,inv_203,78801.1850239305,1525.71,1.0,,,,,,,,,,,57074910.300982624,,,0
95,site_MAHARASHTRA_34948,95,2119,SAFProductionSite,site_MAHARASHTRA_34948,MAHARASHTRA,inv_204,97827.57402445885,1570.71,1.0,,,,,,,,,,,66453292.75907466,,,0
95,site_UTTAR_PRADESH_35970,95,2119,SAFProductionSite,site_UTTAR_PRADESH_35970,UTTAR_PRADESH,inv_223,51067.39858411497,1525.71,0.65,,,,,,,,,,,36987606.12048863,,,0
95,site_TELANGANA_36160,95,2119,SAFProductionSite,site_TELANGANA_36160,TELANGANA,inv_204,52869.65449876444,1525.71,0.5698,,,,,,,,,,,38292962.0569101,,,0
95,site_KARNATAKA_36227,95,2119,SAFProductionSite,site_KARNATAKA_36227,KARNATAKA,inv_204,46691.81393087312,1540.71,0.56666667,,,,,,,,,,,33118036.70302899,,,0
95,site_WEST_BENGAL_37524,95,2119,SAFProductionSite,site_WEST_BENGAL_37524,WEST_BENGAL,inv_204,53552.60258450543,1540.71,0.5497,,,,,,,,,,,37984325.48716386,,,0
96,site_ASSAM_34923,96,2120,SAFProductionSite,site_ASSAM_34923,ASSAM,inv_203,16259.923510791577,1615.71,0.2,,,,,,,,,,,10313506.883659989,,,0
96,site_UTTAR_PRADESH_34926,96,2120,SAFProductionSite,site_UTTAR_PRADESH_34926,UTTAR_PRADESH,inv_203,96390.53528830312,1525.71,1.0,,,,,,,,,,,69814700.80396508,,,0
96,site_MAHARASHTRA_34948,96,2120,SAFProductionSite,site_MAHARASHTRA_34948,MAHARASHTRA,inv_204,95860.7395213338,1570.71,1.0,,,,,,,,,,,65117241.749446824,,,0
96,site_UTTAR_PRADESH_35970,96,2120,SAFProductionSite,site_UTTAR_PRADESH_35970,UTTAR_PRADESH,inv_223,61756.54310855004,1525.71,0.65,,,,,,,,,,,44729646.60809171,,,0
96,site_TELANGANA_36160,96,2120,SAFProductionSite,site_TELANGANA_36160,TELANGANA,inv_204,49498.072031582175,1525.71,0.5698,,,,,,,,,,,35850958.59175465,,,0
96,site_KARNATAKA_36227,96,2120,SAFProductionSite,site_KARNATAKA_36227,KARNATAKA,inv_204,55024.01760432622,1540.71,0.56666667,,,,,,,,,,,39027985.44657254,,,0
96,site_WEST_BENGAL_37524,96,2120,SAFProductionSite,site_WEST_BENGAL_37524,WEST_BENGAL,inv_204,52925.32765135023,1540.71,0.5497,,,,,,,,,,,37539405.6498262,,,0
97,site_ASSAM_34923,97,2121,SAFProductionSite,site_ASSAM_34923,ASSAM,inv_203,19069.79591306774,1615.71,0.2,,,,,,,,,,,12095780.849699736,,,0
97,site_UTTAR_PRADESH_34926,97,2121,SAFProductionSite,site_UTTAR_PRADESH_34926,UTTAR_PRADESH,inv_203,78286.69757373624,1525.71,1.0,,,,,,,,,,,56702272.18568142,,,0
97,site_MAHARASHTRA_34948,97,2121,SAFProductionSite,site_MAHARASHTRA_34948,MAHARASHTRA,inv_204,96832.27821552215,1570.71,1.0,,,,,,,,,,,65777198.26902205,,,0
97,site_UTTAR_PRADESH_35970,97,2121,SAFProductionSite,site_UTTAR_PRADESH_35970,UTTAR_PRADESH,inv_223,50889.622407228155,1525.71,0.65,,,,,,,,,,,36858844.61333128,,,0
97,site_TELANGANA_36160,97,2121,SAFProductionSite,site_TELANGANA_36160,TELANGANA,inv_204,45558.36784564832,1525.71,0.5698,,,,,,,,,,,32997470.246924624,,,0
97,site_KARNATAKA_36227,97,2121,SAFProductionSite,site_KARNATAKA_36227,KARNATAKA,inv_204,47927.815145926,1540.71,0.56666667,,,,,,,,,,,33994720.00485385,,,0
97,site_WEST_BENGAL_37524,97,2121,SAFProductionSite,site_WEST_BENGAL_37524,WEST_BENGAL,inv_204,52854.80166464606,1540.71,0.5497,,,,,,,,,,,37489382.272716805,,,0
98,site_ASSAM_34923,98,2122,SAFProductionSite,site_ASSAM_34923,ASSAM,inv_203,19214.599150274247,1615.71,0.2,,,,,,,,,,,12187628.09502745,,,0
98,site_UTTAR_PRADESH_34926,98,2122,SAFProductionSite,site_UTTAR_PRADESH_34926,UTTAR_PRADESH,inv_203,78420.26323454834,1525.71,1.0,,,,,,,,,,,56799012.45815103,,,0
98,site_MAHARASHTRA_34948,98,2122,SAFProductionSite,site_MAHARASHTRA_34948,MAHARASHTRA,inv_204,96840.68962589235,1570.71,1.0,,,,,,,,,,,65782912.05597243,,,0
98,site_UTTAR_PRADESH_35970,98,2122,SAFProductionSite,site_UTTAR_PRADESH_35970,UTTAR_PRADESH,inv_223,50845.07922882284,1525.71,0.65,,,,,,,,,,,36826582.434644096,,,0
98,site_TELANGANA_36160,98,2122,SAFProductionSite,site_TELANGANA_36160,TELANGANA,inv_204,54556.01729506477,1525.71,0.5698,,,,,,,,,,,39514377.766642466,,,0
98,site_KARNATAKA_36227,98,2122,SAFProductionSite,site_KARNATAKA_36227,KARNATAKA,inv_204,55447.305976814256,1540.71,0.56666667,,,,,,,,,,,39328219.656294584,,,0
98,site_WEST_BENGAL_37524,98,2122,SAFProductionSite,site_WEST_BENGAL_37524,WEST_BENGAL,inv_204,46977.3660341727,1540.71,0.5497,,,,,,,,,,,33320575.95437835,,,0
99,site_ASSAM_34923,99,2123,SAFProductionSite,site_ASSAM_34923,ASSAM,inv_203,18474.46066070098,1615.71,0.2,,,,,,,,,,,11718165.652476024,,,0
99,site_UTTAR_PRADESH_34926,99,2123,SAFProductionSite,site_UTTAR_PRADESH_34926,UTTAR_PRADESH,inv_203,95514.96118932746,1525.71,1.0,,,,,,,,,,,69180531.23981796,,,0
99,site_MAHARASHTRA_34948,99,2123,SAFProductionSite,site_MAHARASHTRA_34948,MAHARASHTRA,inv_204,97687.8871839621,1570.71,1.0,,,,,,,,,,,66358404.8851936,,,0
99,site_UTTAR_PRADESH_35970,99,2123,SAFProductionSite,site_UTTAR_PRADESH_35970,UTTAR_PRADESH,inv_223,62645.91180167007,1525.71,0.65,,,,,,,,,,,45373807.45883161,,,0
99,site_TELANGANA_36160,99,2123,SAFProductionSite,site_TELANGANA_36160,TELANGANA,inv_204,54561.05677300389,1525.71,0.5698,,,,,,,,,,,39518027.81011899,,,0
99,site_KARNATAKA_36227,99,2123,SAFProductionSite,site_KARNATAKA_36227,KARNATAKA,inv_204,53998.60159264961,1540.71,0.56666667,,,,,,,,,,,38300668.12365043,,,0
99,site_WEST_BENGAL_37524,99,2123,SAFProductionSite,site_WEST_BENGAL_37524,WEST_BENGAL,inv_204,44312.01262721245,1540.71,0.5497,,,,,,,,,,,31430067.436355524,,,0
100,site_ASSAM_34923,100,2124,SAFProductionSite,site_ASSAM_34923,ASSAM,inv_203,19435.484955592103,1615.71,0.2,,,,,,,,,,,12327733.752482515,,,0
100,site_UTTAR_PRADESH_34926,100,2124,SAFProductionSite,site_UTTAR_PRADESH_34926,UTTAR_PRADESH,inv_203,97313.38800408266,1525.71,1.0,,,,,,,,,,,70483113.79747704,,,0
100,site_MAHARASHTRA_34948,100,2124,SAFProductionSite,site_MAHARASHTRA_34948,MAHARASHTRA,inv_204,97060.56309504349,1570.71,1.0,,,,,,,,,,,65932269.90483208,,,0
100,site_UTTAR_PRADESH_35970,100,2124,SAFProductionSite,site_UTTAR_PRADESH_35970,UTTAR_PRADESH,inv_223,63297.53028838622,1525.71,0.65,,,,,,,,,,,45845768.21257526,,,0
100,site_TELANGANA_36160,100,2124,SAFProductionSite,site_TELANGANA_36160,TELANGANA,inv_204,54217.57177460015,1525.71,0.5698,,,,,,,,,,,39269245.060625136,,,0
100,site_KARNATAKA_36227,100,2124,SAFProductionSite,site_KARNATAKA_36227,KARNATAKA,inv_204,54124.763795396815,1540.71,0.56666667,,,,,,,,,,,38390153.712437004,,,0
100,site_WEST_BENGAL_37524,100,2124,SAFProductionSite,site_WEST_BENGAL_37524,WEST_BENGAL,inv_204,52664.57072237353,1540.71,0.5497,,,,,,,,,,,37354453.367672324,,,0
